address,benefit,city,company_name,company_url,exp,group_job,id,job_des,job_level,job_req,job_type,salary,time_expire,time_update,title,url,web
"- Số nhà 35 ngách 04 ngõ 103 đường Lý Sơn, Phường ngọc Thụy, Long Biên",,Hà Nội,Công Ty TNHH Xây Dựng Và Vận Tải Đức Phát,https://jobsgo.vn/tuyen-dung/cong-ty-tnhh-xay-dung-va-van-tai-duc-phat-1444099492.html,1,Xây Dựng,,"- Mô đạc hiện tả công việc tham gia khảo sát công trình, - Làm báo cáo khảo sát, lập bảng dự toán bước thiết kế cơ sở, thiết kế bản vẽ thi công căn cứ trên khối lượng đã bóc tách., - Lập báo giá dự thầu, dự trù chi phí các dự án lĩnh vực cơ khí xây dựng, - Lấy báo giá các đối tác, nhà cung cấp vật tư, thầu phụ để phục vụ công tác chào giá cho chủ đầu tư., - Tham gia họp triển khai kiểm soát chi phí khi thi công., - Phối hợp với các phòng ban trong công ty lập dự toán thi công phối hợp với các phòng ban kiểm soát dự toán thi công., - Lập và Bóc tách khối lượng vật tư phục vụ công tác thi công tại hiện trường, - Hoàn thiện hồ sơ thanh quyết toán, hồ sơ quản lý chất lượng, hồ sơ hoàn công., - Thực hiện các công việc khác theo sự phân công của cấp quản lý.",Nhân Viên/Chuyên Viên,"- Tốt nghiệp Cao Đẳng, Đại học các ngành Xây dựng, cơ khí, điện dân dụng và công nghiệp hoặc các ngành có liên quan, - Biết tiếng anh cơ bản nghành Cơ khí Xây dựng, - Có kinh nghiệm từ 1-2 năm Lập báo giá dự thầu, - Ưu tiên những ứng viên đã từng làm tại các khu công nghiệp của SamSung, - Ưu tiên ứng viên biết sử dụng phần mềm xây dựng G8 và các phần mềm khác, - Thành thạo máy tính và phần mềm Auto card, - Yêu cầu làm việc tại công trình khi cần thiết ( Công trình tại các tỉnh: KCN Sam Sung Bắc Ninh, Hải Phòng), - Cẩn thận,tỉ mỉ,chăm chỉ trong công việc, - Nhanh nhẹn,giao tiếp,ứng xử tốt,trung thực,nhiệt tình","Xây Dựng, Kinh Doanh/Bán Hàng, Cơ Khí/Ô Tô/Tự Động Hóa",660.0,2024-10-06,2024-10-02,Kỹ Sư Kinh Tế - Ngành Cơ Khí Xây Dựng - Thu Nhập 15 - 18Tr/Tháng,https://jobsgo.vn/viec-lam/ky-su-kinh-te-nganh-co-khi-xay-dung-thu-nhap-15-18tr-thang-18985940536.html?utm_source=job_list,Jobsgo
"- 103A-105-107 Nguyễn Thông, Phường 09, Quận 3, Thành phố Hồ Chí Minh","Môi trường làm việc năng động, thân thiện. Được trang bị máy Macbook Pro và màn hình LCD. Lương tháng 13, du lịch công ty hàng năm, khám sức khỏe định kỳ và các hoạt động thể thao. Thử việc 100% lương. Phụ cấp tiền gửi xe, sinh nhật…",Hồ Chí Minh, Công Ty Cổ Phần Bravesoft Việt Nam,https://jobsgo.vn/tuyen-dung/cong-ty-co-phan-bravesoft-viet-nam-55646742.html,1,IT Phần Mềm,,"Hiểu và truyền đạt chính xác các yêu cầu, đặc tả của dự án cho team, Họp, thảo luận với khách hàng trực tiếp hoặc thông qua call/chat/email, Quản lý dự án/team để đảm bảo dự án release đúng tiến độ, Kiểm tra (test) dự án để đảm bảo chất lượng trước khi release, Chi tiết công việc sẽ được thảo luận khi phỏng vấn",Nhân Viên/Chuyên Viên,"Tốt nghiệp các trường đại học chuyên ngành CNTT/Toán Tin, Trên 3 năm kinh nghiệm phát triển các hệ thống web dùng PHP, Có kinh nghiệm và am hiểu về các giai đoạn phát triển phần mềm (từ khâu nhận yêu cầu), Ít nhất 1 năm kinh nghiệm làm BrSE cho các dự án phần mềm với khách hàng Nhật, Tiếng Nhật giao tiếp lưu loát, từ N2 trở lên; ưu tiên từng du học hoặc làm việc tại Nhật, Có kỹ năng tự tìm hiểu kỹ thuật, công nghệ mới, Yêu thích văn hoá Nhật Bản và có mong muốn làm việc lâu dài tại Nhật Bản, Làm việc cẩn thận với tinh thần trách nhiệm cao",IT Phần Mềm,0,2024-12-24,2024-11-28,"Bridge Software Engineer N2 Japanese (Up To 3000$, Sign - On Bonus)",https://jobsgo.vn/viec-lam/bridge-software-engineer-n2-japanese-up-to-3000-sign-on-bonus-19465659448.html?utm_source=job_list,Jobsgo
"- Ấp An Phước xã Bình An huyện Châu Thành tỉnh Kiên Giang, Bình An, Châu Thành, Kiên Giang",Lương thoả thuận theo năng lực. Được hưởng đầy đủ các chế độ theo quy định của nhà nước,Kiên Giang,Công Ty TNHH MTV Minh An Sea,https://jobsgo.vn/tuyen-dung/cong-ty-tnhh-mtv-minh-an-sea-2428902888.html,3,Hành Chính/Văn Phòng,,"Thực hiện các mẫu tài liệu, giấy tờ theo quy định pháp luật, lên kế hoạch công việc chi tiết, tổ chức thực hiện các nhiệm vụ của bộ phận kế toán, Kiểm kê các nguồn tài sản, dòng tiền liên quan đến việc kinh doanh (xuất nhập khẩu), Bút toán, hạch toán, báo cáo thuế, khai thuế xuất nhập khẩu",Trưởng Nhóm/Trưởng Phòng,"Có kinh nghiệm kế toán trưởng từ 5 năm trở lên, kiểm soát dòng tiền liên quan xuất nhập khẩu, Biết về Thuế xuất nhập khẩu","Hành Chính/Văn Phòng, Tài Chính/Ngân Hàng, Kế Toán/Kiểm Toán",0,2024-12-24,2024-11-28,[Kiên Giang] Kế Toán Trưởng,https://jobsgo.vn/viec-lam/kien-giang-ke-toan-truong-19463405334.html?utm_source=job_list,Jobsgo
"- 70 đường số 15, KDC Ấp 5, xã Phong Phú, huyện Bình Chánh, TP.HCM (gần bến xe Quận 8)","Lương tùy theo năng lực.. Lương tháng 13.. Bảo hiểm xã hội đầy đủ.. Được đào tạo, hướng dẫn.. Thưởng khi hoàn thành tốt công việc.. Thưởng cuối năm dựa trên kết quả kinh doanh của công ty.. Du lịch hẳng năm.",Hồ Chí Minh,Công Ty TNHH Vilight ,https://jobsgo.vn/tuyen-dung/cong-ty-tnhh-vilight-812146411.html,2,Kiến Trúc/Nội Thất,,"Lên ý tưởng, phương án thiết kế trang trí và dựng hình 3D theo phương án đã lên ý tưởng cho các công trình trang trí chiếu sáng nghệ thuật,các biểu tượng trang trí chiếu sáng nghệ thuật, cảnh quan xung quanh khu vực (chủ yếu là trang trí cho các công trình công viên,quảng trường, đài tượng niệm, khu di tích lịch sử, vòng xoay, cầu, đường phố đô thị và các khu vực công cộng về đêm., Render ảnh, video ngày và hiệu ứng ánh sáng đêm (ánh sáng đèn và hiệu ứng của các đèn về đêm) cho phương án thiết kế sinh động, thẩm mỹ để thuyết phục chủ đầu tư, thể hiện rõ ý đồ phương án tráng trí đã lên ý tưởng., Phối hợp triển khai bản vẽ thi công dựa trên mô hình thông tin đã lên phương án với các bộ phận liên quan như điện chiếu sáng , kết cấu., Đo bóc khối lượng dự toán theo phương án đã lên ý tưởng., Hoàn thành công việc được phân công theo đúng tiến độ quy định về thời gian và chất lượng.",Nhân Viên/Chuyên Viên,"Tốt nghiệp các chuyên ngành kiến trúc, cảnh quan , xây dựng ., Có thẩm mỹ cao và khả năng cảm nhận ánh sáng giả lập tốt., Có kinh nghiệm tối thiểu 02 năm liên quan đến vị trí ứng tuyển., Thành thạo một trong các phần mềm dựng hình 3d như revit,3ds max, sketchup,Zbrush,Blender… (ưu tiên revit trực tiếp triển khai hồ sơ bản vẽ thiết kế thi công trên mô hình đã lên phương án ), autocad 2d., Thành thạo sử dụng một trong số các phần mềm render ảnh và video về ánh sáng đêm như : ue5, lumion,twinmotion, Chaos Vintage, depence .. (render ảnh: vray,corona,enscape…)","Kiến Trúc/Nội Thất, Thiết Kế",0,2024-12-18,2024-11-25,Kiến Trúc Sư Thiết Kế Ý Tưởng Các Biểu Tượng Trang Trí,https://jobsgo.vn/viec-lam/kien-truc-su-thiet-ke-y-tuong-cac-bieu-tuong-trang-tri-19423958339.html?utm_source=job_list,Jobsgo
"- Khu công nghiệp Phước Đông, Tỉnh Lộ 782, Phước Đông, Gò Dầu, Tây Ninh",Máy tính. Chế độ bảo hiểm. Du Lịch. Phụ cấp. Du lịch nước ngoài. Đồng phục. Chế độ thưởng. Chăm sóc sức khỏe. Đào tạo. Tăng lương. Công tác phí. Phụ cấp thâm niên. Nghỉ phép năm,Tây Ninh,Công Ty TNHH Jinyu (Việt Nam) Tire,https://jobsgo.vn/tuyen-dung/cong-ty-tnhh-jinyu-viet-nam-tire-929767709.html,1,Tài Chính/Ngân Hàng,,"Nhận và kiểm tra chứng từ thanh toán, chứng từ tạm ứng, hoàn ứng của nhân viên đảm bảo chứng từ đúng quy định pháp luật và quy định của công ty, tập đoàn, Hướng dẫn nhân viên công ty các quy định về chứng từ khi cần, Tổng hợp chứng từ gửi đi sài gòn, Hỗ trợ kiểm kê công cụ dụng cụ, nguyên vật liệu vào cuối mỗi tháng., Giao dịch Ngân hàng mua séc, rút séc, đi UNC, nộp tiền vào Ngân sách, nộp hồ sơ dự án cho Ngân hàng khi có yêu cầu,..., Tiếp nhận và kiểm tra, nhập liệu chứng từ thanh toán các phòng thi công, vận hành, khí...và thanh toán theo file dự chi.",Nhân Viên/Chuyên Viên,"Tốt nghiệp cao đẳng trở lên chuyên ngành kế toán, tài chính ngân hàng., Ưu tiên có kinh nghiệm dưới 1 năm trong các lĩnh vực liên quan, Ưu tiên biết tiếng Trung, Trung thực, cẩn thận","Tài Chính/Ngân Hàng, Kế Toán/Kiểm Toán",0,2024-12-26,2024-11-29,Nhân Viên Kế Toán ( Ưu Tiên Biết Tiếng Trung),https://jobsgo.vn/viec-lam/nhan-vien-ke-toan-uu-tien-biet-tieng-trung-19475870856.html?utm_source=job_list,Jobsgo
"- Phan Văn Trị, Phường 7, Quận Gò Vấp, Thành phố Hồ Chí Minh",,Hồ Chí Minh,Công Ty Cổ Phần TNM Digital,https://jobsgo.vn/tuyen-dung/cong-ty-co-phan-tnm-digital-3540153932.html,3,IT Phần Mềm,,"Lead the design, development, and implementation of robust and scalable CRM solutions using Dynamics 365 CRM., Contribute to architectural decisions and support the design and evolution of CRM systems., Propose and implement creative solutions to complex business challenges., Integrate Dynamics 365 CRM with other enterprise systems, including ERP and third-party applications, ensuring seamless data flow., Ensure that integration solutions align with business requirements and overall system architecture., Effectively communicate with team members and clients to ensure alignment on project objectives and deliverables., Collaborate with QA teams to ensure thorough testing of CRM systems and resolve any issues or bugs promptly., Continuously monitor CRM performance and address any technical issues that arise post-implementation.",Nhân Viên/Chuyên Viên,"At least 3 years of experience in CRM development, with a focus on Microsoft Dynamics 365 CRM., Experience with integrating CRM systems with ERP, other systems., Prior experience in building or customizing CRM products is a plus., Proficiency in C#, .NET Core, and ASP.NET, Experience with Dynamics 365 Power Platform, including Power Apps, Power Automate, and Power BI., Knowledge of front-end technologies such as HTML5, CSS3, JavaScript, and frameworks like React, Angular, or Vue., Strong understanding of SQL and database design, as well as CRM data modeling.","IT Phần Mềm, Quản Lý",0,2024-12-08,2024-11-19,Senior CRM Developer,https://jobsgo.vn/viec-lam/senior-crm-developer-19382406599.html?utm_source=job_list,Jobsgo
"- Công ty Cổ Phần Xuất Nhập Khẩu Phân Bón Hưng Thịnh, Lô C14, Đường số 9, KCN Thuận Đạo mở rộng, Long Định, Cần Đước, Long An",,Long An,Công Ty Cổ Phần Xuất Nhập Khẩu Phân Bón Hưng Thịnh,https://jobsgo.vn/tuyen-dung/cong-ty-co-phan-xuat-nhap-khau-phan-bon-hung-thinh-2305687042.html,3,Kế Toán/Kiểm Toán,,"- Hỗ trợ, hướng dẫn các nhân viên kế toán khác về các nghiệp vụ kế toán phát sinh, - Hạch toán thu nhập, khấu hao, chi phí, TSCĐ, quản lý công nợ, thuế GTGT, các nghiệp vụ khác..., - Tính giá thành sản xuất thực tế cho từng sản phẩm., - Kiểm tra và giám sát kho hàng., - Giao dịch với ngân hàng, cơ quan thuế, ... Thực hiện các thủ tục hải quan.",Trưởng Nhóm/Trưởng Phòng,"- Tốt nghiệp Cao đẳng, Đại học trở lên các ngành kế toán, kiểm toán, Tài chính - kế toán., - Có khả năng giao dịch thương mại tốt, - Nhanh nhẹn, nhiệt tình trong công việc, hòa đồng và chịu được áp lực công việc.",Kế Toán/Kiểm Toán,1100.0,2024-12-08,2024-11-20,Kế Toán Trưởng,https://jobsgo.vn/viec-lam/ke-toan-truong-19395048648.html?utm_source=job_list,Jobsgo
"- Số 05, Đường 17A, Khu phố 11, P. Bình Trị Đông B, Q. Bình Tân, Hồ Chí Minh",,Hồ Chí Minh,Bệnh Viện Gia An 115 ,https://jobsgo.vn/tuyen-dung/benh-vien-gia-an-115-821461605.html,3,Y Tế,,"· Bảo quản tài sản, thuốc, dụng cụ y tế; trật tự và vệ sinh buồng bệnh, buồng thủ thuật trong phạm vi được phân công., · Thực hiện ghi chép, lưu trữ sổ sách, hồ sơ, bệnh án và thống kê, báo cáo kết quả khám chữa bệnh tại khoa theo quy định., · Tham gia thường trực và chăm sóc người bệnh khi cần., · Nắm vững thông tin về dịch vụ, thủ tục hành chính của khoa để tư vấn cho người bệnh, người nhà người bệnh khi cần thiết., · Đối với những người bệnh nặng nguy kịch phải chăm sóc theo y lệnh và báo cáo kịp thời những diễn biến bất thường cho bác sĩ điều bị xử lí kịp thời., · Ghi những thông số, dấu hiệu, triệu chứng bất thường của người bệnh và cách xử lí vào phiếu theo dõi và phiếu chăm sóc theo quy định., · Hàng ngày cuối giờ làm việc phải bàn giao người bệnh cho điều dưỡng trực và ghi vào sổ những y lệnh còn lại trong ngày, những yêu cầu theo dõi, chăm sóc đối với từng người bệnh, đặc biệt là người bệnh nặng., · Thực hiện các nhiệm vụ khác theo sự phân công của Điều dưỡng trưởng, Trưởng khoa",Nhân Viên/Chuyên Viên,"Trình độ học vấn:, - Tốt nghiệp cao đẳng trở lên, - Có chứng chỉ hành nghề Điều dưỡng, Kiến thức:, - Năng lực kiến thức và kỹ năng chuyên môn tạị vị trí phân công, - Am hiểu pháp luật về khám chữa bệnh;, - Thực hiện tốt các quy trình kỹ thuật chuyên môn theo quy định định của pháp luật;, - Sử dụng thành thạo phần mềm quản lý bệnh;, -, Tiếng anh giao tiếp",Y Tế,0,2024-12-04,2024-11-18,Điều Dưỡng Viên,https://jobsgo.vn/viec-lam/dieu-duong-vien-19372684035.html?utm_source=job_list,Jobsgo
"- Sơn Tây, Hà Nội","Ký kết Hợp đồng Lao động với MB Ageas Life. Lương cứng và phụ cấp cố định không phụ thuộc KPI doanh số. Thưởng hoa hồng theo tháng, quý, năm kèm thưởng gắn bó năm.. .. Gói Bảo hiểm toàn diện ( BHYT, BHXH, Bảo hiểm nhân thọ, Bảo hiểm Sức khỏe). Nhận được hỗ trợ tối đa từ công ty & ngân hàng MB. Chương trình đào tạo và phát triển nguồn nhân lực chuyên nghiệp. Lộ trình thăng tiến sau 3-6 tháng làm việc",Hà Nội,Công ty TNHH Bảo hiểm Nhân thọ MB Ageas Life ,https://jobsgo.vn/tuyen-dung/cong-ty-tnhh-bao-hiem-nhan-tho-mb-ageas-life-150333109.html,1,Kinh Doanh/Bán Hàng,,"1. Mục tiêu công việc:, Đạt và vượt chỉ tiêu bán hàng qua việc tư vấn giải pháp tài chính đáp ứng nhu cầu của khách hàng theo hướng dẫn và quy định của MB Ageas Life, 2. Nhiệm vụ chính:, Đảm bảo cán bộ ngân hàng hiểu rõ dịch vụ của kênh bán hàng qua ngân hàng do MB Ageas Life cung cấp và xác định được khách hàng tiềm năng để giới thiệu cho MB Ageas Life tư vấn thông qua đào tao và kèm cặp hỗ trợ, Làm việc với khách hàng do cán bộ ngân hàng giới thiệu để tìm hiểu nhu cầu và khả năng tài chính và tư vấn giải pháp tài chính từ MB Ageas Life phù hợp cho khách hàng, giúp khách hàng đạt được mục tiêu., Thực hiện các quy trình bán hàng có liên quan đến khách hàng của ngân hàng đối tác; thực hiện quy trình bán hàng kết nối với khách hàng của ngân hàng đối tác; tạo ra các yêu cầu ban đầu, theo dõi các lượt giới thiệu từ ngân hàng đối tác, tạo ra các giải pháp lấy khách hàng làm trung tâm và tạo các lượt giới thiệu cho khách hàng mới cho ngân hàng và MB Ageas Life, Sắp xếp các cuộc họp với khách hàng hiện tại, ít nhất mỗi năm một lần, nhân dịp ngày sinh nhật và ngày kỷ niệm, v.v., để xem xét tình hình và nhu cầu tài chính của họ., Đảm bảo rằng tất cả khách hàng và nhân viên của ngân hàng có những kỳ vọng phù hợp về dịch vụ từ MB Ageas Life và hài lòng với công ty, Đảm bảo rằng bất kỳ và tất cả các yêu cầu tuân thủ từ nội bộ và các bên liên quan đều được hiểu và thực hiện, Có nhận thức chung về thị trường tài chính tại Việt Nam, bao gồm các sản phẩm và đối thủ cạnh tranh và có thể sử dụng kiến thức này để trả lời các câu hỏi từ khách hàng và nhân viên ngân hàng",Nhân Viên/Chuyên Viên,"Trình độ: Cao đẳng/Đại học, Ngoại hình: Khá, ưa nhìn, Kinh nghiệm: Tối thiểu 6 tháng - 1 năm trong lĩnh vực sales Ngân hàng/Tài chính/Bảo hiểm (Ưu tiên ứng viên có kinh nghiệm Bancassurance), Tác phong: Chuyên nghiệp, nhanh nhẹn, Kỹ năng: Giao tiếp, đàm phán và chăm sóc khách hàng tốt","Kinh Doanh/Bán Hàng, Bảo Hiểm",700.0,2024-11-24,2024-11-13,[Hà Nội] Chuyên Viên Tư Vấn Bảo Hiểm Kênh Hợp Tác Ngân Hàng MB - Ký Hợp Đồng Lao Động Lương Cứng Cố Định,https://jobsgo.vn/viec-lam/ha-noi-chuyen-vien-tu-van-bao-hiem-kenh-hop-tac-ngan-hang-mb-ky-hop-dong-lao-dong-luong-cung-co-dinh-19334486308.html?utm_source=job_list,Jobsgo
"- 34 Trang Quan, An Đồng, An Dương, Hải Phòng",,Hải Phòng,Công Ty Cổ Phần MLS,https://jobsgo.vn/tuyen-dung/cong-ty-co-phan-mls-2630320195.html,0,Sản Xuất/Lắp Ráp/Chế Biến,,"- Đọc và hiểu các bản vẽ kỹ thuật, bản vẽ xây dựng để thực hiện các nhiệm vụ liên quan., - Hỗ trợ lập kế hoạch và triển khai các dự án thi công theo yêu cầu., - Làm các công việc kỹ thuật theo sự phân công của trưởng phòng",Nhân Viên/Chuyên Viên,"- Đọc và hiểu bản vẽ xây dựng, - Có bằng cấp Xây dựng hoặc bằng cơ khí, - Sử dụng thành thạo phần mềm Autocad, - Nam từ 22 tuổi đến 25 tuổi có thể đi làm ngay, - Ưu tiên sinh viên mới ra trường, chưa có kinh nghiệm sẽ được đào tạo","Sản Xuất/Lắp Ráp/Chế Biến, Cơ Khí/Ô Tô/Tự Động Hóa, Điện/Điện Tử/Điện Lạnh",400.0,2024-11-17,2024-10-28,Nhân Viên Kỹ Thuật Cơ Điện,https://jobsgo.vn/viec-lam/nhan-vien-ky-thuat-co-dien-19210795197.html?utm_source=job_list,Jobsgo
"- Sunrise G, KĐT The Manor Central Park, đường Nguyễn Xiển, Đại Kim, Hoàng Mai",,Hà Nội,Công Ty CP Phát Triển Bền Vững Goci Solution,https://jobsgo.vn/tuyen-dung/cong-ty-cp-phat-trien-ben-vung-goci-solution-3479645908.html,0,Chăm Sóc Khách Hàng,,"- Tìm kiếm khách hàng thông qua các kênh khác nhau như: gọi điện, email, tham gia sự kiện, mạng xã hội,..., - Nghiên cứu kỹ lưỡng về các sản phẩm bất động sản của công ty., - Tư vấn cho khách hàng về các sản phẩm phù hợp với nhu cầu và khả năng tài chính của khách hàng., - Hỗ trợ khách hàng hoàn thiện các thủ tục pháp lý trong quá trình giao dịch., - Làm việc chặt chẽ với các bộ phận liên quan để đảm bảo giao dịch diễn ra thuận lợi., - Xây dựng mối quan hệ lâu dài với khách hàng., - Báo cáo kết quả làm việc định kỳ cho cấp trên.",Nhân Viên/Chuyên Viên,"- Kinh nghiệm: không yêu cầu kinh nghiệm. Ứng viên có kinh nghiệm Bán hàng, Kinh doanh, Kinh doanh Bất động sản, tài chính, ngân hàng, ô tô... là một lợi thế., - Đối với các ứng viên chưa có kinh nghiệm nếu sẽ được đào tạo các kỹ năng, nghiệp vụ bán hàng., - Đam mê kinh doanh. Yêu thích lĩnh vực bất động sản, - Năng động, nhiệt huyết, Khả năng giao tiếp, đàm phán tốt., - Có laptop, phương tiện di chuyển.","Chăm Sóc Khách Hàng, Kinh Doanh/Bán Hàng, Bất Động Sản",1300.0,2024-11-23,2024-10-28,"Nhân Viên Kinh Doanh/ Tư Vấn Bất Động Sản [ Hỗ Trợ Data Tiềm Năng, Thu Nhập 15 - 50 Triệu ]",https://jobsgo.vn/viec-lam/nhan-vien-kinh-doanh-tu-van-bat-dong-san-ho-tro-data-tiem-nang-thu-nhap-15-50-trieu-19208785505.html?utm_source=job_list,Jobsgo
- 21/62 Nguyễn Chí Thanh - Đống Đa - Hà Nội.,"Chuyên viên bộ phận phát triển Kinh doanh: Lương cứng thỏa thuận theo năng lực và trách nhiệm. Thu nhập chuyên viên cơ bản từ 15 - 30 triệu + % Hoa hồng( tùy năng lực & không giới hạn ) tổng thu nhập 30 – 40 triệu/ tháng.. Chế độ khác Lễ, tết, cuối năm theo các chính sách công ty. Được đào tạo toàn diện về Bán sản phẩm, mô hình của hãng, kỹ năng Telesale và tiếp thị sản phẩm.. Được hưởng các khoản trợ cấp xăng, điện thoại, và các khoản trợ cấp khác theo năng lực.. Được làm việc trong môi trường năng động, hòa đồng, có cơ hội thăng tiến cao.. Được hưởng các quyền lợi theo quy định của công ty. Được hưởng các chế độ theo quy định Lễ, tết, bảo hiểm.. Được tham gia các buổi đào tạo, tiếp cận với các thông tin, mô hình tiên tiến từ các tập đoàn quốc tế mà công ty làm đại diện",Hà Nội,Công Ty Cổ Phần Shaha Việt Nam,https://jobsgo.vn/tuyen-dung/cong-ty-co-phan-shaha-viet-nam-940413645.html,1,Kinh Doanh/Bán Hàng,,"Giới thiệu các tổ hợp Giải pháp xử lý không khí diệt khuẩn - Khí tươi sạch từ Tâp đoàn MỸ, Giải pháp toàn diện xử lý nước công nghệ cao được nhập khẩu nguyên chiếc từ: Mỹ, Châu Âu trên tất cả các kênh, GT, MT, E – Comerre,, Phát triển đa kênh bán hàng phù hợp với sản phẩm, hệ thống đối tác, Chủ động tìm kiếm và xây dựng mối quan hệ lâu dài với khách hàng, Chăm sóc, duy trì mạng lưới khách hàng khách hàng của công ty, nhận nhiệm vụ kinh doanh từ cấp trên., Chủ động đề xuất các cơ chế và doanh số bán hàng với công ty.",Nhân Viên/Chuyên Viên,"Chủ động trong công việc, có tinh thần làm việc tập thể. Chủ động lập các kế hoạch công việc hàng ngày, tuần và tháng., Đam mê công nghệ mới, yêu thích công việc liên quan tới các sản phẩm sức khỏe, nước và không khí., Ưu tiên đã có kinh nghiệm lĩnh vực lọc nước và nội thất, Nhanh nhẹn, chịu khó, trách nhiệm, có khả năng chịu được áp lực công việc, Có kinh nghiệm bán hàng, Có khả năng giao tiếp tốt, kỹ năng thuyết phục khách hàng và kỹ năng Training cho hệ thống., Có trang bị phương tiện đi lại và thuộc đường phố Hà Nội, Có kỹ năng lập kế hoạch kinh doanh và báo cáo bán hàng",Kinh Doanh/Bán Hàng,900.0,2024-10-26,2024-10-17,Chuyên Viên Kinh Doanh,https://jobsgo.vn/viec-lam/chuyen-vien-kinh-doanh-19124595705.html?utm_source=job_list,Jobsgo
"- Vinpearl Golf Củ Chi, Tan Thong Hoi, Củ Chi, Ho Chi Minh City, Vietnam","Lương và chế độ hấp dẫn. Hỗ trợ bữa ăn theo ca làm việc.. Đầy đủ các loại bảo hiểm (BHYT, BHXH, BHTN, BH sức khỏe 24h Vinmec). Thưởng tháng 13 và thưởng các dịp lễ khác theo quy định. Cơ hội đào tạo, thăng tiến trong công việc cao.. Loại hợp đồng: Hợp đồng lao động không xác định thời hạn",Hồ Chí Minh, Công Ty Cổ Phần Vinpearl,https://jobsgo.vn/tuyen-dung/cong-ty-co-phan-vinpearl-956219601.html,1,Du Lịch,,"+ Kiểm soát chất lượng dịch vụ vệ sinh khu vực công cộng đảm bảo đạt tiêu chuẩn vệ sinh và mỹ quan cao nhất, các trang thiết bị vệ sinh đạt tiêu chuẩn;, + Kiểm tra và đề xuất thay thế hoặc bổ sung các trang thiết bị, công cụ làm việc hư hỏng không phù hợp;, + Quản lý, sắp xếp nhân sự theo tình hình hoạt động của sân Golf. Chủ động điều động nhân sự một cách hiệu quả trong bộ phận mình.",Trưởng Nhóm/Trưởng Phòng,"Tốt nghiệp THPT trở lên, Tối thiểu từ 1 - 2 năm kinh nghiệm Quản lý Vệ sinh công cộng, Kỹ năng giao tiếp tiếng Anh cơ bản, Nam cao từ 1m70 trở lên, Nữ cao từ 1m55 trở lên., Kỹ năng quản lý và phát triển con người.","Du Lịch, Nhà Hàng/Khách Sạn",0,2024-10-31,2024-10-11,[Vinpearl Golf Léman - Củ Chi - TPHCM] - Tổ Trưởng Housekeeping,https://jobsgo.vn/viec-lam/vinpearl-golf-leman-cu-chi-tphcm-to-truong-housekeeping-19075575515.html?utm_source=job_list,Jobsgo
"- VinWonders Phú Quốc, Gành Dầu, Xã Gành Dầu, Huyện Phú Quốc, Tỉnh Kiên Giang","Thu nhập cạnh tranh hấp dẫn. Hỗ trợ ăn ở sinh hoạt toàn bộ, nhận việc và về thăm nhà hàng năm. Bảo hiểm thất nghiệp, BHXH, BHYT, bảo hiểm sức khỏe PVI. Được đặc biệt ưu đãi khi sử dụng các hệ thống dịch vụ cao cấp của Tập đoàn Vingroup như: Vinpearl, Vinmec, Vincharm, Vinschool.... Lương thưởng tháng 13, và các dịp lễ tết theo quy định. Du lịch, Team building hàng năm.. Trong năm có 12 ngày phép năm theo quy định",Kiên Giang, Công Ty Cổ Phần Vinpearl,https://jobsgo.vn/tuyen-dung/cong-ty-co-phan-vinpearl-956219601.html,3,Khoa Học/Kỹ Thuật,,"Quản lý công tác chuyên môn đảm bảo các hệ thống kỹ thuật tại công viên chủ đề bao gồm: hệ thống Games outdoor/indoor, Thủy Cung, Show Once, Công viên nước, Mạng ngoài nhà,... hoạt động ổn định, an toàn, tối ưu và được thực hiện bảo trì bảo dưỡng theo đúng kế hoạch., Đề xuất các giải pháp, phương án khắc phục các sự cố hệ thống kỹ thuật ảnh hưởng đến chất lượng dịch vụ., Tổ chức kiểm soát chi phí năng lượng, vật tư tiêu hao, phụ tùng thay thế tại các cơ sở. Xây dựng định mức sử dụng để kiểm soát chi phí năng lượng cho các cơ sở., Thẩm định cho ý kiến chuyên môn, đánh giá sáng kiến và các giải pháp cải tiến hệ thống kỹ thuật của các cơ sở., Kiểm tra công tác lưu trữ quản lý hồ sơ kỹ thuật, bản vẽ, giấy tờ liên quan đến hệ thống kỹ thuật., Tổ chức kiểm tra, kiểm soát hệ thống PCCC, thiết bị thang máy, thiết bị áp lực đảm bảo an toàn vệ sinh lao động., Tổ chức điều phối, nghiệm thu và nhận bàn giao các hạng mục công trình/ công trình do nhà thầu/ công ty xây dựng Vincom thực hiện., Tổ chức kiểm soát bảo hành các hạng mục công trình.",Trưởng Nhóm/Trưởng Phòng,"Tối thiểu 3 năm kinh nghiệm tại vị trí tương đương., Kỹ năng giải quyết vấn đề và ra quyết định, Kỹ năng chuyên môn: Hệ thống điện- Điện tử; Hệ thống tự động hóa; Hệ thống nước và xử lý nước, nước thải; Hệ thống PCCC; Hệ thống cơ sở hạ tầng; Hồ sơ pháp lý KS liên quan đến hạng mục KT, kiểm định xét nghiệm, quan trắc…, Kỹ năng quản lý nhân sự kỹ thuật số lượng lớn trên 50 nhân sự sự, Có khả năng giao tiếp Tiếng Anh là một lợi thế","Khoa Học/Kỹ Thuật, Nhà Hàng/Khách Sạn",2200.0,2024-10-29,2024-10-09,Vinwonders Phú Quốc - Kỹ Sư Trưởng (Chief Engineer),https://jobsgo.vn/viec-lam/vinwonders-phu-quoc-ky-su-truong-chief-engineer-19050793840.html?utm_source=job_list,Jobsgo
"- Vinhomes Vũ Yên, Đảo, Thủy Triều, Thủy Nguyên, Hải Phòng",,Hải Phòng, Công Ty Cổ Phần Vinpearl,https://jobsgo.vn/tuyen-dung/cong-ty-co-phan-vinpearl-956219601.html,3,Y Tế,,"+ Thực hiện Checklist công việc, cơ sở vật chất, chất lượng dịch vụ theo quy định tại từng vị trí, + Bảo quản trang thiết bị, cơ sở vật chất tại khu vực phục vụ khách và khu vực làm việc. Thực hiện quản lý tài sản theo quy trình của tập đoàn, đảm bảo tài sản được sử dụng tối ưu, + Đảm bảo vệ sinh, hạ tầng cảnh quan tại khu vực phục vụ khách/ văn phòng làm việc đạt tiêu chuẩn, + Đặt hàng, mua sắm, thay thế tài sản, thiết bị, công cụ dụng cụ, vật tư đảm bảo nhu cầu vận hành và phục vụ khách, + Đề xuất giải pháp và báo cáo CBLĐ cấp trên các trường hợp ngoài khả năng xử lý để nhận chỉ đạo hướng dẫn kịp thời, + Thực hiện hoạt động biểu diễn, tương tác động vật theo kịch bản/hướng dẫn, + Giám sát chất lượng vệ sinh bể trưng bày, khu dưỡng/chăm sóc, chuồng trại đảm bảo sạch sẽ cho động vật phát triển tốt và hình ảnh dịch vụ đạt yêu cầu, + Cung cấp/tiếp nhận, chế biến/phân phát thức ăn/nước uống cho động vật, + Theo dõi, kiểm soát chỉ số môi trường, đánh giá và có phương án xử lý kịp thời đảm bảo sức khỏe vật nuôi, + Kiểm soát hoạt động phòng bệnh, chữa bệnh, cách ly kiểm dịch đảm bảo sức khỏe cho động vật, + Kiểm soát việc sử dụng trang thiết bị y tế, việc sử dụng và quản lý thuốc, vật tư y tế của bệnh viện thú y/phòng thí nghiệm bệnh học, + Đề xuất mua mới sinh vật, động vật, vận chuyển/tiếp nhận, bổ sung cho các bể trưng bày/chuồng trại, + Nghiên cứu chất lượng & thẩm mỹ bể nuôi/chuồng trại, đảm bảo môi trường sinh sống, phát triển phù hợp với các loài động vật, sinh vật và hình ảnh đẹp mắt phục vụ khách, + Các công việc khác theo sự phân công của Trưởng bộ phận",Trưởng Nhóm/Trưởng Phòng,"Tối thiểu từ 2 - 3 năm kinh nghiệm Chăm sóc và nuôi dưỡng các loài động vật., Tối thiểu từ 0,5 - 1 năm kinh nghiệm Kỹ thuật huấn luyện, biểu diễn động vật, Quản lý việc mua hàng và số liệu cấp phát thức ăn, kỹ thuật làm giàu chuồng trại.",Y Tế,580.0,2024-10-30,2024-10-10,[Hải Phòng Vinwonder Vũ Yên] - Tổ Trưởng Chăm Sóc Động Vật,https://jobsgo.vn/viec-lam/hai-phong-vinwonder-vu-yen-to-truong-cham-soc-dong-vat-19064970316.html?utm_source=job_list,Jobsgo
"- 15 Lam Sơn, Phường 5, Phú Nhuận",,Hồ Chí Minh,Công Ty TNHH Kỹ Thuật Cơ Điện Lạnh Quí Long		,https://jobsgo.vn/tuyen-dung/cong-ty-tnhh-ky-thuat-co-dien-lanh-qui-long-288621645.html,1,Điện/Điện Tử/Điện Lạnh,,"- Thiết kế hệ thống Điện công trình cho các dự án;, - Lập thuyết minh thiết kế, tính toán thiết bị thi công, biện pháp để phục vụ lập dự toán;, - Tính toán thiết kế hệ thống điện hạ thế (Điện động lực, điện chiếu sáng);, - Tính toán thiết kế hệ điện tổng thể (trạm điện,cấp nguồn tổng thể, tiếp đại, máy phát,...), - Kiểm tra chất lượng hồ sơ thiết kế về hệ thống Điện đảm bảo & an toàn;, - Phối hợp ban chỉ huy công trường giải quyết các vấn đề kỹ thuật, đưa ra phương án điều chỉnh thiết kế để phù hợp với thực tế công trường;, - Kết hợp với các bộ phận chuyên môn khác (Kiến trúc, kết cấu...) nhằm tối ưu hóa thiết kế, hạn chế tối đa vướng mắc khi triển khai thi công thực tế;",Nhân Viên/Chuyên Viên,"- Nam/Nữ; Tuổi 25 - 35;, - Tốt nghiệp Đại học, chuyên môn về Hệ thống điện, Điện công nghiệp, Kỹ thuật điện;, - Kinh nghiệm tối thiểu 01 năm ở vị trí tương đương;, - Am hiểu tiêu chuẩn, quy chuẩn thiết kế điện;, - Sử dụng thành thạo phần mềm chuyên dụng phục vụ công việc;, - Ưu tiên ứng viên sử dụng thành thạo Revit;, - Tiếng Anh giao tiếp cơ bản, đọc hiểu bản vẽ tốt;, - Có sức khỏe tốt, có khả năng đi công tác (ngắn hạn tùy theo thực tế);","Điện/Điện Tử/Điện Lạnh, Thiết Kế",640.0,2024-12-24,2024-11-28,Nhân Viên Thiết Kế Điện - Làm Việc Tại HCM,https://jobsgo.vn/viec-lam/nhan-vien-thiet-ke-dien-lam-viec-tai-hcm-19462780700.html?utm_source=job_list,Jobsgo
"- số 28 VSIP II-A, đường số 28, KCN VSIP II-A,, Phường Vĩnh Tân, Thị xã Tân Uyên, Tỉnh Bình Dương, Việt Nam",,Bình Dương,Công Ty TNHH Zeng Hsing Industrial,https://jobsgo.vn/tuyen-dung/cong-ty-tnhh-zeng-hsing-industrial-1488271979.html,5,Luật/Pháp Chế,,"- Tư vấn và tham mưu những vấn đề pháp lý cho doanh nghiệp, - Soạn thảo tài liệu pháp lý, các hợp đồng kinh tế, văn bản pháp lý, - Đăng ký giấy phép kinh doanh, chi nhánh, thay đổi thông tin trên giấy phép, - Kiểm tra và đánh giá các hợp đồng mua bán/dịch vụ, hợp đồng lao động và các loại hợp đồng., - Tư vấn các trường hợp phát sinh của công ty trong quá trình hoạt động., - Các công việc khác theo yêu cầu của cấp trên.",Nhân Viên/Chuyên Viên,"- Tốt nghiệp ĐH Luật, khoa Luật của các trường ĐH, - Kinh nghiệm tối thiểu 5 năm về mảng pháp lý doanh nghiệp, - Điểm GPA 3.5 trở lên, - Điểm LSAT 150 (nếu có), -Tiếng trung giao tiếp tốt, - Nắm vững kiến thức pháp lý về Luật Lao động, Luật Doanh nghiệp, Luật Thuế,..., - Sử dụng thành thạo các ứng dụng văn phòng như: Word, Excel, PowerPoint., - Khả năng làm việc độc lập, làm việc nhóm, chịu được áp lực cao.",Luật/Pháp Chế,1300.0,2024-12-10,2024-11-21,Nhân Viên Pháp Lý - Tiếng Trung,https://jobsgo.vn/viec-lam/nhan-vien-phap-ly-tieng-trung-19399774140.html?utm_source=job_list,Jobsgo
"- Thôn Làng Qua, xã Báo Đáp, huyện Trấn Yên, Yên Bái","Thỏa thuận thu nhập từ 10-20 triệu/ tháng.. Phúc lợi: BHYT, BHXH, BHTT, các chế độ thưởng ngày lễ, Tết theo quy định",Yên Bái,Công Ty Cổ Phần Dâu Tằm Tơ Yên Bái,https://jobsgo.vn/tuyen-dung/cong-ty-co-phan-dau-tam-to-yen-bai-2614052553.html,2,Kế Toán/Kiểm Toán,,"Thu thập, kiểm tra, bảo quản chứng từ kế toán., Lập và ghi sổ kế toán chính xác, kịp thời khi có nghiệp vụ phát sinh., Lập báo cáo tài chính: 3 loại sổ kế toán gồm: Sổ cân đối kế toán, Báo cáo Lưu chuyển tiền tệ và Báo cáo kết quả sản xuất kinh doanh(Nội bộ)., Tính toán, kê khai, BC Thuế., Kiểm soát chi phí, lập kế hoạch tài chính, dòng tiền., Hỗ trợ công tác kiểm toán, chuẩn bị tài liệu liên quan phục vụ cho việc thanh kiểm tra., Thời gian làm việc:, 8 tiếng hành chính, nghỉ Chủ nhật.",Nhân Viên/Chuyên Viên,"Kinh nghiệm làm việc trên 2 năm ở vị trí tương đương., Thành thạo tin học văn phòng, các nghiệp vụ kế toán",Kế Toán/Kiểm Toán,600.0,2024-11-23,2024-10-23,Kế Toán Tổng Hợp,https://jobsgo.vn/viec-lam/ke-toan-tong-hop-19171701256.html?utm_source=job_list,Jobsgo
"- Vinpearl Golf Củ Chi, Tan Thong Hoi, Củ Chi, Ho Chi Minh City, Vietnam",,Hồ Chí Minh, Công Ty Cổ Phần Vinpearl,https://jobsgo.vn/tuyen-dung/cong-ty-co-phan-vinpearl-956219601.html,1,Du Lịch,,"- Phụ trách thanh tra và kiểm soát chất lượng dịch vụ, - Thực hiện kiểm tra tính tuân thủ các quy trình nghiệp vụ, thủ tục quản lý tại các phòng/ ban được phân công phụ trách, - Kiểm soát (Theo xác xuất hoặc thường xuyên) tính tuân thủ quy trình SOP, VSATTP trên toàn hệ thống., - Hỗ trợ công tác tổ chức kiểm tra, giám sát, đánh giá độc lập việc tuân thủ Tiêu chuẩn và chất lượng dịch vụ;, - Thu thập thông tin và lập báo cáo kiểm soát chất lượng dịch vụ định kỳ; phân tích các kết quả kiểm soát chất lượng làm cơ sở đề xuất các giải pháp xử lý hay các phương án cải thiện chất lượng dịch vụ;, - Theo dõi khắc phục sau kiểm soát đối với các khuyến nghị của kiểm soát nội bộ để đánh giá sự cải thiện của hệ thống và quản lý của đơn vị, ngăn chặn các sai phạm có thể lặp lại, giảm thiểu rủi ro trong hoạt động và đề xuất kiến nghị hướng giải quyết để hoàn thiện hệ thống;",Nhân Viên/Chuyên Viên,"- Tốt nghiệp Đại học trở lên với chuyên ngành liên quan, - Tối thiểu từ 1 năm kinh nghiệm tại vị trí tương đương, - Có khả năng sử dụng Tiếng Anh, - Có tầm nhìn và tư duy chiến lược","Du Lịch, Nhà Hàng/Khách Sạn",0,2024-10-31,2024-10-11,Vinpearl Golf Leman - [Củ Chi - TPHCM] - Chuyên Viên Kiểm Soát Chất Lượng,https://jobsgo.vn/viec-lam/vinpearl-golf-leman-cu-chi-tphcm-chuyen-vien-kiem-soat-chat-luong-19076023622.html?utm_source=job_list,Jobsgo
"- Vinpearl Golf Củ Chi, Tan Thong Hoi, Củ Chi, Ho Chi Minh City, Vietnam",,Hồ Chí Minh, Công Ty Cổ Phần Vinpearl,https://jobsgo.vn/tuyen-dung/cong-ty-co-phan-vinpearl-956219601.html,1,Du Lịch,,"Tuyển Dụng NV Phục Vụ/Pha Chế/ Đón Tiếp Nhà Hàng, • Chuẩn bị, bổ sung hàng hóa, dụng cụ, trang thiết bị quầy pha chế theo quy định;, • Pha chế, phục vụ đồ uống theo công thức chuẩn và theo yêu cầu đặc biệt của khách;, • Thực hiện duy trì tiêu chuẩn vệ sinh an toàn thực phẩm;, • Tiếp nhận thông tin yêu cầu từ phía khách hàng và báo cáo lại quản lý nhà hàng.",Nhân Viên/Chuyên Viên,"• Tốt nghiệp THPT trở lên, • Ngoại hình khá, giao tiếp tốt, thái độ tốt, • Ưu tiên có kinh nghiệm làm nhà hàng, • Có thể làm việc xoay ca","Du Lịch, Nhà Hàng/Khách Sạn",0,2024-10-31,2024-10-11,[Vinpearl Golf Léman - Củ Chi - TP.HCM] Nhân Viên Phục Vụ Nhà Hàng,https://jobsgo.vn/viec-lam/vinpearl-golf-leman-cu-chi-tphcm-nhan-vien-phuc-vu-nha-hang-19075208882.html?utm_source=job_list,Jobsgo
"- Vinpearl Nha Trang, Hon Tre, Vĩnh Nguyên, Thành phố Nha Trang, Khánh Hòa",Competitive salary & benefits. Promotion opportunities. Accommodation or housing allowance,Khánh Hòa, Công Ty Cổ Phần Vinpearl,https://jobsgo.vn/tuyen-dung/cong-ty-co-phan-vinpearl-956219601.html,3,Nhà Hàng/Khách Sạn,,"Oversee the service of all food & beverages within the resort, responsible for maintaining consistent and smooth-running operations and for the management of restaurants and/or bars., Ensure Food & Beverage relevant brand standards are maintained, Maintaining cost efficiencies through forecasting, inventory controls and staffing, Organising and delivering events and functions to the required standards, Involve and manage food and beverage promotions ensuring costings are accurate with achieving KPI, Identifying and maximize up selling opportunities for profitable sales growth, Report and liaise regularly with management team regarding departmental performance and ensure they are informed of any relevant information or issues, Carry out training as required ensuring that the team have the skills needed to excel",Trưởng Nhóm/Trưởng Phòng,"Hospitality experience, at least 03 years at the same position, Good standard of numeracy, sound financial acumen, Proven leadership skills to lead and motivate a team, Excellent interpersonal skills and ability to communicate effectively with customers, clients, and staff at all levels, Ability to achieve and set standards and operate to performance criteria, with particular regard to resort operations, Ability to work well under pressure managing multiple workloads",Nhà Hàng/Khách Sạn,1900.0,2024-12-22,2024-11-27,Vinpearl Nha Trang - Food & Beverage Manager,https://jobsgo.vn/viec-lam/vinpearl-nha-trang-food-beverage-manager-19455108565.html?utm_source=job_list,Jobsgo
"- Quận 7, Hồ Chí Minh","Ký kết Hợp đồng Lao động với MB Ageas Life. Lương cứng và phụ cấp cố định không phụ thuộc KPI doanh số. Thưởng hoa hồng theo tháng, quý, năm kèm thưởng gắn bó năm.. .. Gói Bảo hiểm toàn diện ( BHYT, BHXH, Bảo hiểm nhân thọ, Bảo hiểm Sức khỏe). Nhận được hỗ trợ tối đa từ công ty & ngân hàng MB. Chương trình đào tạo và phát triển nguồn nhân lực chuyên nghiệp. Lộ trình thăng tiến sau 3-6 tháng làm việc",Hồ Chí Minh,Công ty TNHH Bảo hiểm Nhân thọ MB Ageas Life ,https://jobsgo.vn/tuyen-dung/cong-ty-tnhh-bao-hiem-nhan-tho-mb-ageas-life-150333109.html,1,Kinh Doanh/Bán Hàng,,"1. Mục tiêu công việc:, Đạt và vượt chỉ tiêu bán hàng qua việc tư vấn giải pháp tài chính đáp ứng nhu cầu của khách hàng theo hướng dẫn và quy định của MB Ageas Life, 2. Nhiệm vụ chính:, Đảm bảo cán bộ ngân hàng hiểu rõ dịch vụ của kênh bán hàng qua ngân hàng do MB Ageas Life cung cấp và xác định được khách hàng tiềm năng để giới thiệu cho MB Ageas Life tư vấn thông qua đào tao và kèm cặp hỗ trợ, Làm việc với khách hàng do cán bộ ngân hàng giới thiệu để tìm hiểu nhu cầu và khả năng tài chính và tư vấn giải pháp tài chính từ MB Ageas Life phù hợp cho khách hàng, giúp khách hàng đạt được mục tiêu., Thực hiện các quy trình bán hàng có liên quan đến khách hàng của ngân hàng đối tác; thực hiện quy trình bán hàng kết nối với khách hàng của ngân hàng đối tác; tạo ra các yêu cầu ban đầu, theo dõi các lượt giới thiệu từ ngân hàng đối tác, tạo ra các giải pháp lấy khách hàng làm trung tâm và tạo các lượt giới thiệu cho khách hàng mới cho ngân hàng và MB Ageas Life, Sắp xếp các cuộc họp với khách hàng hiện tại, ít nhất mỗi năm một lần, nhân dịp ngày sinh nhật và ngày kỷ niệm, v.v., để xem xét tình hình và nhu cầu tài chính của họ., Đảm bảo rằng tất cả khách hàng và nhân viên của ngân hàng có những kỳ vọng phù hợp về dịch vụ từ MB Ageas Life và hài lòng với công ty, Đảm bảo rằng bất kỳ và tất cả các yêu cầu tuân thủ từ nội bộ và các bên liên quan đều được hiểu và thực hiện, Có nhận thức chung về thị trường tài chính tại Việt Nam, bao gồm các sản phẩm và đối thủ cạnh tranh và có thể sử dụng kiến thức này để trả lời các câu hỏi từ khách hàng và nhân viên ngân hàng",Nhân Viên/Chuyên Viên,"Trình độ: Cao đẳng/Đại học, Ngoại hình: Khá, ưa nhìn, Kinh nghiệm: Tối thiểu 6 tháng - 1 năm trong lĩnh vực sales Ngân hàng/Tài chính/Bảo hiểm (Ưu tiên ứng viên có kinh nghiệm Bancassurance), Tác phong: Chuyên nghiệp, nhanh nhẹn, Kỹ năng: Giao tiếp, đàm phán và chăm sóc khách hàng tốt","Kinh Doanh/Bán Hàng, Bảo Hiểm",700.0,2024-11-24,2024-11-13,[Hồ Chí Minh] Chuyên Viên Tư Vấn Bảo Hiểm Kênh Hợp Tác Ngân Hàng MB - Ký Hợp Đồng Lao Động Lương Cứng Cố Định,https://jobsgo.vn/viec-lam/ho-chi-minh-chuyen-vien-tu-van-bao-hiem-kenh-hop-tac-ngan-hang-mb-ky-hop-dong-lao-dong-luong-cung-co-dinh-19334554203.html?utm_source=job_list,Jobsgo
"- Ấp 6, xã Bình Xuân, TP Gò Công, tỉnh Tiền Giang",,Tiền Giang,Công Ty TNHH Cơ Giới Mỹ Dung,https://jobsgo.vn/tuyen-dung/cong-ty-tnhh-co-gioi-my-dung-1234398995.html,0.5,Cơ Khí/Ô Tô/Tự Động Hóa,,"- Giám sát sửa chữa phần vỏ tàu tại các nhà máy., - Khảo sát lập hạng mục sửa chữa theo quy định đăng kiểm và tình trạng phương tiện. Làm việc với cán bộ đăng kiểm., - Theo dõi KCS hồ sơ thiết kế với thực tế., - Quản lý, giám sát việc hoàn thiện sửa chữa theo quy định của đăng kiểm và làm việc với cán bộ đăng kiểm, - Giám sát sửa chữa thường xuyên tại hiện trường, - Quản lý hồ sơ thiết bị thi công",Nhân Viên/Chuyên Viên,"Thành thạo đọc bản vẽ kỹ thuật, sử dụng AutoCAD, SolidWorks hoặc các phần mềm thiết kế khác., Am hiểu về các tiêu chuẩn kỹ thuật và an toàn trong ngành đóng tàu., Có khả năng làm việc nhóm, chịu áp lực và xử lý vấn đề nhanh nhạy.","Cơ Khí/Ô Tô/Tự Động Hóa, Vận Hành/Bảo Trì/Bảo Dưỡng",0,2024-12-12,2024-11-22,Nhân Viên Kỹ Thuật (Phụ Trách Hạng Mục Vỏ Tàu),https://jobsgo.vn/viec-lam/nhan-vien-ky-thuat-phu-trach-hang-muc-vo-tau-19412728506.html?utm_source=job_list,Jobsgo
"- 235 Đường số 19, Bình Trị Đông B, Bình Tân, Thành phố Hồ Chí Minh",,Hồ Chí Minh,Công Ty TNHH Xây Dựng Phát Đạt Việt Nam,https://jobsgo.vn/tuyen-dung/cong-ty-tnhh-xay-dung-phat-dat-viet-nam-3448156207.html,0,Biên Phiên Dịch,,"- Báo cáo tiến độ và kế hoạch thi công mỗi ngày của công trình cho sếp., - Tiếp nhận các vấn đề phát sinh tại công trình, báo cáo và xử lý theo hướng dẫn của sếp., - Làm việc trực tiếp với sếp - kỹ sư - chủ đầu tư (người TQ/ĐL)",Nhân Viên/Chuyên Viên,"- Tốt nghiệp ĐH/CĐ trở lên., - Tiếng Trung thành thạo, vi tính văn phòng tốt., - Nhanh nhẹn linh hoạt trong xử lý vấn đề, - Có thể đi công trình (các tỉnh lân cận HCM, đi về trong ngày, thường đi cùng sếp bằng xe công ty)","Biên Phiên Dịch, Hành Chính/Văn Phòng",700.0,2024-11-25,2024-10-29,[HCM - Bình Tân] Trợ Lý Giám Đốc Biết Tiếng Trung (Lương 15M/Tháng),https://jobsgo.vn/viec-lam/hcm-binh-tan-tro-ly-giam-doc-biet-tieng-trung-luong-15m-thang-19216878589.html?utm_source=job_list,Jobsgo
"- CM1-11, Khu đô thị ECO GARDEN, Phường Thủy Vân, TP Huế",,Thừa Thiên Huế,Công Ty TNHH Bảo Hiểm Nhân Thọ Generali Việt Nam,https://jobsgo.vn/tuyen-dung/cong-ty-tnhh-bao-hiem-nhan-tho-generali-viet-nam-247137800.html,0.5,Kinh Doanh/Bán Hàng,,"- Hỗ trợ tư vấn khách hàng cùng đội ngũ, - Tuyển dụng nhân sự cho các vị trí tại Công ty, - Đào tạo đội ngũ Tư vấn viên, - Xây dựng và triển khai các chương trình sự kiện giúp đội ngũ tư vấn viên chăm sóc khách hàng cũ, phát triển nguồn khách hàng mới, - Chăm sóc khách hàng cũ theo phân bổ của Công ty",Nhân Viên/Chuyên Viên,"- Không cần kinh nghiệm bảo hiểm vì được đào tạo đầu vào, - Phù hợp với các bạn yêu thích công việc sale, gặp gỡ khách hàng, - Nhiệt tình, chịu khó, tinh thần trách nhiệm cao, - Có Laptop và biết nghiệp vụ văn phòng cơ bản (Excel, Word, Powerpoint ...)","Kinh Doanh/Bán Hàng, Nhân Sự, Hành Chính/Văn Phòng",440.0,2024-11-30,2024-10-30,Trợ Ký Kinh Doanh (Fulltime) - Thu Nhập Upto 15M,https://jobsgo.vn/viec-lam/tro-ky-kinh-doanh-fulltime-thu-nhap-upto-15m-19221183132.html?utm_source=job_list,Jobsgo
"- Vinpearl Golf Củ Chi, Tan Thong Hoi, Củ Chi, Ho Chi Minh City, Vietnam","Được làm việc, đào tạo và phát triển toàn diện trong môi trường chuyên nghiệp, đẳng cấp.. Cơ hội thăng tiến tốt.. Lương cứng thỏa thuận theo năng lực + hỗ trợ ăn giữa ca.. Thưởng tháng lương 13, thưởng lễ tết cuối năm;. Ưu đãi sử dụng dịch vụ nội bộ: Vinpearl, Vinmec, Vinfast.. Teambuilding và nghỉ mát hàng năm. Tham gia đầy đủ các chế độ bảo hiể.m: BHXH, BHYT, BHTN, + Bảo hiể.m Chăm sóc sức khỏ.e bổ sung PVI. Và các chế độ chính sách khác theo quy định của Công ty.",Hồ Chí Minh, Công Ty Cổ Phần Vinpearl,https://jobsgo.vn/tuyen-dung/cong-ty-co-phan-vinpearl-956219601.html,1,Du Lịch,,"Thực hiện chế biến các món ăn., Tuân thủ theo thực đơn, recipe, Giữ gìn, bảo quản các công cụ dụng cụ, máy móc thiết bị trong bếp., Ghi nhận nhiệt độ ở các kho, tủ theo yêu cầu., Thực hiện việc kiểm tra hàng hóa thực phẩm tồn đọng từ ca trước và đưa ra hướng xử lý., Chuẩn bị nguyên liệu để chế biến món ăn, Giữ gìn, bảo quản các công cụ dụng cụ, máy móc thiết bị trong bếp., Ghi nhận nhiệt độ ở các kho, tủ theo yêu cầu., Thực hiện, giám sát duy trì tiêu chuẩn vệ sinh an toàn thực phẩm., Thực hiện việc lưu, hủy mẫu thực phẩm, Thực hiện các công việc khác theo yêu cầu của cấp trên",Nhân Viên/Chuyên Viên,"• Có kinh nghiệm từ 1 - 2 năm tại vị trí tương đương ở các nhà hàng/ khách sạn/ resort từ 4-5 sao;, • Hiểu biết về các món ăn và đặc trưng của từng vùng miền;, • Tốt nghiệp THPT, • Ưu tiên UV có chứng chỉ chuyên ngành bếp.","Du Lịch, Nhà Hàng/Khách Sạn",800.0,2024-10-31,2024-10-11,[Vinpearl Golf Léman - Củ Chi - TPHCM] - Đầu Bếp Cao Cấp Á/Âu/Hàn,https://jobsgo.vn/viec-lam/vinpearl-golf-leman-cu-chi-tphcm-dau-bep-cao-cap-a-au-han-19075453304.html?utm_source=job_list,Jobsgo
"- 145/11 Ấp 4, Xã Nhị Bình, Hóc Môn, TPHCM.",,Hồ Chí Minh,Công Ty TNHH Thiết Kế Chế Tạo Khang Thịnh,https://jobsgo.vn/tuyen-dung/cong-ty-tnhh-thiet-ke-che-tao-khang-thinh-1387339272.html,0,Sản Xuất/Lắp Ráp/Chế Biến,,"- Vận hành gia công trên Khoan và CNC, - Gia công các sản phẩm đạt yêu cầu kỹ thuật theo bản vẽ, - Chi tiêt trao đổi khi phỏng vấn, - Công ty tại Hóc Môn, sát Bình Dương. Ứng viên ở Bình Dương có thể ứng tuyển",Nhân Viên/Chuyên Viên,"• Học ngành Cơ khí chế tạo, • Có kinh nghiệm ngành cơ khí khuôn mẫu, • Thời gian làm việc: Thứ 2 - Thứ 7 (làm giờ hành chính, có thể tăng ca)","Sản Xuất/Lắp Ráp/Chế Biến, Cơ Khí/Ô Tô/Tự Động Hóa",500.0,2024-10-17,2024-10-08,Nhân Viên Vận Hành Máy Khoan / CNC (Lương 7 - 18 TR),https://jobsgo.vn/viec-lam/nhan-vien-van-hanh-may-khoan-cnc-luong-7-18-tr-19034947147.html?utm_source=job_list,Jobsgo
"- Lầu 5, 19-19/2A Hồ Văn Huê, Phường 09, Quận Phú Nhuận, TP Hồ Chí Minh","Được tham gia đóng bảo hiểm theo quy định của Nhà nước. Cơ hội phát triển nghề nghiệp và thăng tiến rõ ràng.. Thưởng tháng lương 13, thưởng cá nhân xuất sắc, chăm sóc sức khỏe, quà/thưởng lễ tết..... Được làm việc trong môi trường chuyên nghiệp, năng động và hiệu quả, có cơ hội thăng tiến",Hồ Chí Minh,Công Ty Tnhh Zam Mart ( Việt Nam ),https://jobsgo.vn/tuyen-dung/cong-ty-tnhh-zam-mart-viet-nam-3476305474.html,1,Chăm Sóc Khách Hàng,,"Tìm kiếm, khai thác khách hàng có nhu cầu về dịch vụ của sàn TMĐT, Cung cấp, tư vấn đầy đủ chính xác thông tin sản phẩm, dịch vụ đáp ứng nhu cầu khách hàng nhằm hoàn thành chỉ tiêu được giao., Phát triển mối quan hệ khách hàng và kênh khách hàng mới., Chăm sóc khách hàng theo chương trình của công ty., Các công việc khác theo sự phân công, chỉ đạo của quản lý trực tiếp.",Trưởng Nhóm/Trưởng Phòng,"Tốt nghiệp Cao Đẳng, kinh nghiệm từ 1 năm trở lên, Đam mê với công việc kinh doanh., Nhiệt tình, có trách nhiệm trong công việc., Có khả năng giao tiếp tốt, giọng nói chuẩn, dễ nghe., Được đào tạo chuyên nghiệp, Ưu tiên có sẵn team ít nhất là 3 người.","Chăm Sóc Khách Hàng, Marketing, Kinh Doanh/Bán Hàng",540.0,2024-11-26,2024-11-14,Team Leader TMĐT (LCB 10 - 15TR + HH Cao),https://jobsgo.vn/viec-lam/team-leader-tmdt-lcb-10-15tr-hh-cao-19350441633.html?utm_source=job_list,Jobsgo
"- Chung Cư TBCO1, Ngõ 1, Phường Hoàng Văn Thụ, Thái Nguyên, Thái Nguyên",,Thái Nguyên,Công Ty TNHH Truyền Thông Và Dịch Vụ Water Media,https://jobsgo.vn/tuyen-dung/cong-ty-tnhh-truyen-thong-va-dich-vu-water-media-1511098278.html,0,Sáng Tạo/Nghệ Thuật,,"- Chọn khoảnh khắc trên Youtube, lên kịch bản video cho kênh Youtube nước ngoài của công ty, viết lời bình luận cho các khoảnh khắc đó (dạng video tổng hợp khoảnh khắc đơn giản)., - Phối hợp với trưởng bộ phận, bộ phận Editor để đảm bảo tiến độ, chất lượng công việc., - Đề xuất các giải pháp, sáng kiến về Content nhằm mang lại hiệu quả cao về thu hút khán giả…, - Thực hiện các công việc khác theo sự chỉ đạo của cấp trên.",Nhân Viên/Chuyên Viên,"- Tiếng Anh (TOEIC 600+, Ielts 5.5+) là lợi thế (Được đào tạo dùng Chat GPT nếu chưa giỏi tiếng Anh)., - Khả năng sáng tạo nội dung, nắm bắt xu hướng nhu cầu khán giả…, - Kỹ năng tìm kiếm khai thác thông tin trên internet, mạng xã hội., - Ham học hỏi, tỉ mỉ, chủ động trong công việc., - Bảo mật thông tin và quyền sở hữu trí tuệ với các nội dung đang làm, mọi sản phẩm thuộc quyền sở hữu công ty không được phép chia sẻ và sử dụng cho mục đích khác., - Ưu tiên có kinh nghiệp viết content cho kênh youtube","Sáng Tạo/Nghệ Thuật, Marketing, Truyền Thông/PR/Quảng Cáo",440.0,2024-12-20,2024-11-26,Nhân Viên Content Youtube - Content Marketing,https://jobsgo.vn/viec-lam/nhan-vien-content-youtube-content-marketing-19439601347.html?utm_source=job_list,Jobsgo
"- số 13 ngõ 316 Lê Trọng Tấn, Khương Mai, Thanh Xuân, Hà Nội",,Hà Nội,Công Ty TNHH Quốc Tế Pa Media,https://jobsgo.vn/tuyen-dung/cong-ty-tnhh-quoc-te-pa-media-1491639571.html,0.5,Chăm Sóc Khách Hàng,,"Cung cấp, tư vấn đầy đủ và chính xác thông tin sản phẩm đáp ứng nhu cầu khách hàng., Chăm sóc khách hàng hiện có, xử lý đơn đặt hàng., Thu thập, phân tích thông tin xu hướng, nhu cầu của thị trường và khách hàng., Liên hệ khách hàng data có sẵn., Tiếp cận, mở rộng khách hàng mới, khách hàng tiềm năng., Gặp gỡ khách hàng, đàm phán, trao đổi chính sách, thông tin sản phẩm, quyền lợi hợp tác và duy trì mối quan hệ với đối tác phân phối.",Nhân Viên/Chuyên Viên,"Ưu tiên ứng viên có kinh nghiệm từ 6 tháng trở lên về các ngành nghề kinh doanh, bán hàng, Ưu tiên có kinh nghiệm trong các ngành nghề liên quan đến mỹ phẩm, Tác phong nhanh nhẹn, lịch thiệp, hòa nhã., Có kỹ năng giao tiếp, thương lượng, thuyết phục khách hàng., Có kỹ năng xử lý tình huống, phàn nàn khách hàng., Tự tin, năng động, đam mê kinh doanh, gặp gỡ khách hàng, đối tác., Chịu được áp lực công việc cao.","Chăm Sóc Khách Hàng, Dược Phẩm/Mỹ Phẩm, Kinh Doanh/Bán Hàng",800.0,2024-11-26,2024-11-14,Nhân Viên Kinh Doanh [ Lương Cứng 7 - 10M ],https://jobsgo.vn/viec-lam/nhan-vien-kinh-doanh-luong-cung-7-10m-19344697716.html?utm_source=job_list,Jobsgo
"- 1B5 Đường Lý Thường Kiệt, phường Dĩ An, Thành phố Dĩ An, tỉnh Bình Dương",,Bình Dương,Công Ty Cổ Phần Đầu Tư Và Phát Triển Địa Ốc Phát Đạt,https://jobsgo.vn/tuyen-dung/cong-ty-co-phan-dau-tu-va-phat-trien-dia-oc-phat-dat-3476210421.html,0,Chăm Sóc Khách Hàng,,"– Nắm vững thông tin về các dự án bất động sản, tài sản BĐS công ty đang phân phối., – Tìm kiếm khách hàng tiềm năng., – Tiếp cận khách hàng tiềm năng, trao đổi, tư vấn khách hàng về sản phẩm., – Hỗ trợ đưa khách hàng đi tham quan, khảo sát các sản phẩm bất động sản., – Phối hợp cùng các bộ phận khác để hoàn thành chỉ tiêu kinh doanh theo tháng, theo quý., – Hỗ trợ khách hàng hoàn tất thủ tục, chăm sóc khách hàng trong suốt quá trình kể từ khi phát sinh giao dịch tới khi hoàn thành giao dịch., – Một số công việc khác theo yêu cầu và sắp xếp của quản lý.",Nhân Viên/Chuyên Viên,"– Không yêu cầu kinh nghiệm, – Nam/nữ từ 18 – 35 tuổi, – Có đam mê với lĩnh vực mua bán, đầu tư BĐS, – Năng động, nhiệt tình với công việc","Chăm Sóc Khách Hàng, Kinh Doanh/Bán Hàng, Bất Động Sản",1160.0,2024-11-22,2024-11-12,"Nhân Viên Kinh Doanh (Có Lương Cứng, Không Yêu Cầu Kinh Nghiệm)",https://jobsgo.vn/viec-lam/nhan-vien-kinh-doanh-co-luong-cung-khong-yeu-cau-kinh-nghiem-19324695849.html?utm_source=job_list,Jobsgo
"- Lầu 5, 180 Nguyễn Công Trứ, Quận 1, Hồ Chí Minh",,Hồ Chí Minh,MB Bank,https://jobsgo.vn/tuyen-dung/mb-bank-3393487153.html,1,Tài Chính/Ngân Hàng,,"- Thực thi triển khai các chiến lược của Công ty ban hành, - Xây dựng, phát triển đội ngũ nhân viên kinh doanh nhằm đạt mục tiêu tăng trưởng và mục tiêu doanh số, - Chịu trách nhiệm tuyển dụng, phân bổ mục tiêu, đào tạo và theo dõi hiệu quả làm việc của đội ngũ tư vấn tài chính., - Tổ chức các hoạt động Tư vấn, bán hàng, chăm sóc KH và các Hoạt động tuyển dụng nhân sự chất lượng, - Chi tiết công việc sẽ được trao đổi thêm khi Phỏng vấn",Trưởng Nhóm/Trưởng Phòng,"- Độ tuổi yêu cầu từ, 25- 50 tuổi, , được tính theo năm sinh., - Trình độ học vấn tốt nghiệp Cao đẳng trở lên., - Làm việc linh động thời gian., - ưu tiên c, ó kinh nghiệm quản lý bán hàng, chăm sóc khách hàng, Ngân hàng, chứng khoán , bất động sản, Bảo hiểm , tài chính.","Tài Chính/Ngân Hàng, Kinh Doanh/Bán Hàng, Bảo Hiểm",1200.0,2024-11-04,2024-10-28,Trưởng Phòng Kinh Doanh Tài Chính Bảo Hiểm (Lương 20 Triệu - 30 Triệu + Hoa Hồng),https://jobsgo.vn/viec-lam/truong-phong-kinh-doanh-tai-chinh-bao-hiem-luong-20-trieu-30-trieu-hoa-hong-19210577933.html?utm_source=job_list,Jobsgo
"- 144 Cộng Hòa, Phường 12, Tân Bình, Hồ Chí Minh",,Hồ Chí Minh,Công Ty Tài Chính Ngân Hàng Việt Nam Thịnh Vượng VPB SMBC _ FE CREDIT,https://jobsgo.vn/tuyen-dung/cong-ty-tai-chinh-ngan-hang-viet-nam-thinh-vuong-vpb-smbc-fe-credit-3485919406.html,0,Tài Chính/Ngân Hàng,,"- Tư vấn cho khách hàng về chương trình vay tín dụng của công ty (Xsell), - Data có sẵn, 100% được duyệt, không thẩm định lại KH, quy trình online và được chạy thêm data ngoài tăng thu nhập, - Làm việc tại văn phòng, không đi thị trường, - Hướng dẫn hồ sơ vay cho khách hàng",Nhân Viên/Chuyên Viên,"- Tốt nghiệp THPT trở lên, - Giao tiếp tốt, giọng nói dễ nghe, - Chưa có kinh nghiệm sẽ được đào tạo","Tài Chính/Ngân Hàng, Chăm Sóc Khách Hàng, Kinh Doanh/Bán Hàng",740.0,2024-11-18,2024-10-25,Nhân Viên Kinh Doanh/ Tư Vấn Tín Dụng Văn Phòng (SMBC),https://jobsgo.vn/viec-lam/nhan-vien-kinh-doanh-tu-van-tin-dung-van-phong-smbc-19199076520.html?utm_source=job_list,Jobsgo
"- Quận Hà Đông, Nam Từ Liêm, Cầu Giấy, Long Biên, huyện Thanh Oai, KCN Láng Hòa Lạc",,Hà Nội,Công Ty Cổ Phần Đầu Tư Thương Mại Và Dịch Vụ Samurai,https://jobsgo.vn/tuyen-dung/cong-ty-co-phan-dau-tu-thuong-mai-va-dich-vu-samurai-242507361.html,0,An Toàn Lao Động,,"- Làm việc theo ca linh hoạt: Parttime 6-8 tiếng/ ngày và Fulltime 10-12 tiếng/ ngày., - Tuần tra, giám sát đảm bảo an toàn cho tài sản và con người tại mục tiêu làm việc, - Thực hiện công việc bảo vệ tại vị trí được phân công, - Báo cáo nếu xảy ra sự cố theo đúng quy định của công ty và mục tiêu làm việc., Địa điểm làm việc:, 1. Hà Nội (Quận Nam Từ Liêm, Hà Đông, Cầu Giấy, Long Biên, huyện Thạch Thất. Thanh Oai..), 2. Hưng Yên (Ecopark Sky 1)",Nhân Viên/Chuyên Viên,"- Từ 18 đến dưới 55 đối với Nam và 18 đến dưới 50 đối với Nữ, - Không yêu cầu kinh nghiêm, - Không dị tật, không cận thị không bình xăm lô ra ngoài. Không tiền án tiền sự, không dương tinh với ma túy, - Thật thà, chăm chỉ, sức khỏe tốt","An Toàn Lao Động, Lao Động Phổ Thông",300.0,2024-11-21,2024-10-25,"Nhân Viên Bảo Vệ Chung Cư, Trường Học, TTTM, Bệnh Viện Tại Hà Nội - Hưng Yên",https://jobsgo.vn/viec-lam/nhan-vien-bao-ve-chung-cu-truong-hoc-tttm-benh-vien-tai-ha-noi-hung-yen-19198411149.html?utm_source=job_list,Jobsgo
"- 280A15 Lương Định Của, Phường An Phú, Thành phố Thủ Đức, Thành phố Hồ Chí Minh",,Hồ Chí Minh,Công Ty TNHH BHNT Prudential Việt Nam,https://jobsgo.vn/tuyen-dung/cong-ty-tnhh-bhnt-prudential-viet-nam-3332938392.html,0,Kinh Doanh/Bán Hàng,,"- Tư vấn và thiết kế giải pháp tài chính phù hợp để hoàn thiện kế hoạch tương lai của khách hàng: Hưu trí, dự phòng rủi ro, du lịch, đầu tư, du học,..., - Chăm sóc, hỗ trợ toàn diện về thủ tục hợp đồng, giải đáp thắc mắc, khiếu nại và các thông tin cần thiết, nhằm duy trì các mối quan hệ và xây dựng uy tín, thương hiệu một nhà tư vấn chuyên nghiệp., - Thực hiện báo cáo kinh doanh cá nhân và đề xuất giải pháp nhằm nâng cao hiệu quả bán hàng. Tích cực tham gia các hoạt động đào tạo, huấn luyện khi có yêu cầu., - Xử lý các khiếu nại và yêu cầu của khách hàng theo sự hướng dẫn của công ty để đảm bảo sự hài lòng của khách hàng.",Nhân Viên/Chuyên Viên,"- Tuổi từ 24 - 39 Tuổi, - Tốt nghiệp Cao Đẳng, Đại Học., - Không yêu cầu kinh nghiệm, - Ưu tiên ứng viên có kinh nghiệm làm việc tại văn phòng, - Ngoại hình ưa nhìn, tác phong chuyên nghiệp, năng động, nhiệt huyết và tinh thần ham học hỏi, cầu tiến trong sự nghiệp.","Kinh Doanh/Bán Hàng, Hành Chính/Văn Phòng, Bảo Hiểm",900.0,2024-11-07,2024-10-19,Nhân Viên Tư Vấn (Thu Nhập Từ 16 Triệu Trở Lên) - Không Yêu Cầu Kinh Nghiệm,https://jobsgo.vn/viec-lam/nhan-vien-tu-van-thu-nhap-tu-16-trieu-tro-len-khong-yeu-cau-kinh-nghiem-19138229021.html?utm_source=job_list,Jobsgo
"- Phòng 206, Tầng 2, Tòa nhà DMC, 535 Kim Mã, Ngọc Khánh, Ba Đình, Hà Nội",,Hà Nội,Hospitality Marketing Concepts (Vietnam) Company Ltd ,https://jobsgo.vn/tuyen-dung/hospitality-marketing-concepts-vietnam-company-ltd-284629419.html,2,Quản Lý,,"• MANAGE and DEVELOP an outbound call center., • RECRUIT and TRAIN new sales staff., • Continuously create new ideas and progams to motivate staff to acomplish weekly target., • DEVELOP sales strategies and provide leadership to achievement of sales target., • Responsible for sales teams’ weekly performance and meeting sales targets., • Positions available in both HCMC & Hanoi",Trưởng Nhóm/Trưởng Phòng,"• Fluent in spoken and written Vietnamese and English, • Proven track record in sales, • Minimum 2 years holding similar managerial position (Sales Manager), • University Graduate or equivalent, • 28 years old and above, • Excellent communication skills, • Results driven with a positive attitude and capable to work under pressure, • Background in hospitality industry is a plus!, •, Only accept English CVs","Quản Lý, Kinh Doanh/Bán Hàng",0,2024-10-16,2024-10-07,Sales Manager (Ha Noi),https://jobsgo.vn/viec-lam/sales-manager-ha-noi-19025523321.html?utm_source=job_list,Jobsgo
"- Ngõ 61 Lạc Trung, phường Vĩnh Tuy, Hai Bà Trưng, Hà Nội",,Hà Nội,Công ty Cổ Phần Redex Việt Nam,https://jobsgo.vn/tuyen-dung/cong-ty-co-phan-redex-viet-nam-445744254.html,1,Chăm Sóc Khách Hàng,,"- Làm việc tại văn phòng Hà Nội, - Tìm kiếm, tư vấn CTV, đại lý sỉ , các đối tác tiềm năng thông qua kênh online (Google, Facebook, Tiktok, Shopee...), - Tư vấn, trả lời tin nhắn khách hàng online từ data có sẵn của công ty trên các page và các trang TMĐT, - Trực page và Chốt đơn hàng online., - Đăng bài quảng cáo, viết nội dung giới thiệu sản phẩm, biết cơ bản về làm video ngắn hoặc chỉnh sửa ảnh là một lợi thế, - Xây dựng và duy trì quan hệ tốt với khách hàng hiện có, đáp ứng nhu cầu của họ và giải quyết các thắc mắc hoặc khiếu nại liên quan đến sản phẩm hoặc dịch vụ., - Theo dõi xu hướng thị trường, phân tích thông tin từ đối thủ cạnh tranh để xác định chiến lược kinh doanh phù hợp nhằm gia tăng doanh thu cho công ty., - Đề xuất các chương trình bán hàng phù hợp tại từng thời điểm., - Một số công việc khác theo yêu cầu của cấp trên.",Nhân Viên/Chuyên Viên,"- Có laptop cá nhân, - Giới tính : không yêu cầu, - Tốt nghiệp tối thiểu trung cấp trở lên, - Tuổi : từ 22-30, - Khả năng tìm kiếm thông tin và sử dụng công cụ internet thành thạo., - Giao tiếp tốt, nhanh nhẹn, có đam mê kinh doanh, - Ưu tiên ứng viên có kinh nghiệm sales online, đã từng tư vấn bán hàng trên các nền tảng online, offline","Chăm Sóc Khách Hàng, Kinh Doanh/Bán Hàng",560.0,2024-10-18,2024-10-09,Nhân Viên Sale Online Mảng Đồ Gia Dụng Làm Việc Tại Văn Phòng Hà Nội ( Đi Làm Ngay) - Fulltime,https://jobsgo.vn/viec-lam/nhan-vien-sale-online-mang-do-gia-dung-lam-viec-tai-van-phong-ha-noi-di-lam-ngay-fulltime-19050562997.html?utm_source=job_list,Jobsgo
"- 43 Đào Trí, Phú Thuận, Quận 7, Hồ Chí Minh",,Hồ Chí Minh,Công Ty Cổ Phần 1AutoCare,https://jobsgo.vn/tuyen-dung/cong-ty-co-phan-1autocare-956368970.html,2,Nhân Sự,,"1. Tuyển dụng và Đào tạo:, - Lập kế hoạch tuyển dụng:, Phối hợp với các phòng ban để xác định nhu cầu tuyển dụng, xây dựng mô tả công việc, tiêu chí tuyển chọn và lên kế hoạch tuyển dụng chi tiết., - Quảng bá tuyển dụng:, Đăng tin tuyển dụng trên các kênh phù hợp, quản lý các mối quan hệ với các nguồn cung cấp nhân sự (trường đại học, trung cấp nghề, trung tâm giới thiệu việc làm, v.v.) để tìm kiếm ứng viên tiềm năng., - Sàng lọc hồ sơ:, Tiếp nhận, xem xét và sàng lọc hồ sơ ứng viên dựa trên các tiêu chí đã đặt ra., - Phỏng vấn và đánh giá ứng viên:, Tổ chức và tiến hành các vòng phỏng vấn, sử dụng các phương pháp đánh giá khác nhau để lựa chọn ứng viên phù hợp nhất., - Tổ chức các chương trình đào tạo:, Lên kế hoạch, tổ chức và triển khai các chương trình đào tạo nội bộ hoặc thuê ngoài để nâng cao kiến thức, kỹ năng cho nhân viên., - Đánh giá hiệu quả công việc:, Thực hiện đánh giá định kỳ hoặc đột xuất về hiệu quả công việc của nhân viên, đưa ra phản hồi và xây dựng kế hoạch phát triển cá nhân., 2. Quản lý Hợp đồng và Hồ sơ Nhân sự:, - Soạn thảo hợp đồng lao động:, Soạn thảo các loại hợp đồng lao động, phụ lục hợp đồng, đảm bảo tuân thủ pháp luật và các quy định nội bộ., - Quản lý hồ sơ nhân sự:, Tạo lập, cập nhật và lưu trữ hồ sơ nhân sự của từng nhân viên, bao gồm thông tin cá nhân, quá trình công tác, hợp đồng, đánh giá, kỷ luật, v.v., - Theo dõi thời gian làm việc và chấm công:, Quản lý việc chấm công, theo dõi thời gian làm việc, nghỉ phép, v.v. của nhân viên., - Quản lý bảo hiểm:, Đăng ký, theo dõi và giải quyết các vấn đề liên quan đến bảo hiểm xã hội, bảo hiểm y tế, bảo hiểm thất nghiệp cho nhân viên., 3. Chính sách Lương thưởng và Phúc lợi:, - Xây dựng hệ thống lương thưởng:, Nghiên cứu thị trường, xây dựng và đề xuất hệ thống lương, thưởng, phụ cấp phù hợp với tình hình kinh doanh và năng lực của nhân viên., - Tính lương và thưởng:, Tính toán và thực hiện việc trả lương, thưởng, các khoản phụ cấp cho nhân viên theo đúng quy định., - Quản lý các chế độ phúc lợi:, Xây dựng và triển khai các chính sách phúc lợi như bảo hiểm sức khỏe, du lịch, quà tặng, v.v. để thu hút và giữ chân nhân tài., 4. Quan hệ Lao động:, - Xây dựng mối quan hệ:, Tạo dựng và duy trì mối quan hệ tốt đẹp giữa ban lãnh đạo và nhân viên, giải đáp các thắc mắc, lắng nghe ý kiến của nhân viên., - Giải quyết tranh chấp:, Tiếp nhận, xử lý và giải quyết các tranh chấp, khiếu nại liên quan đến quyền lợi của nhân viên theo đúng quy định của pháp luật và công ty., - Thương lượng với tổ chức công đoàn:, Tham gia các cuộc họp, đàm phán và thương lượng với tổ chức công đoàn hoặc đại diện người lao động về các vấn đề liên quan đến quyền lợi và điều kiện làm việc., 5. Phát triển Văn hóa Doanh nghiệp:, - Tổ chức hoạt động văn hóa:, Lên kế hoạch và tổ chức các hoạt động văn hóa, sự kiện nội bộ như team building, sinh nhật, ngày lễ, v.v. để tạo không khí vui vẻ và gắn kết nhân viên., - Xây dựng giá trị cốt lõi:, Tham gia xây dựng và truyền thông các giá trị cốt lõi, văn hóa và hình ảnh của công ty đến toàn thể nhân viên., 6. Báo cáo và Phân tích:, - Thu thập và phân tích dữ liệu:, Thu thập, tổng hợp và phân tích các số liệu liên quan đến nhân sự như tỷ lệ nghỉ việc, hiệu suất làm việc, chi phí tuyển dụng, v.v., - Báo cáo định kỳ:, Lập các báo cáo định kỳ về tình hình nhân sự, đánh giá hiệu quả hoạt động của bộ phận nhân sự và đề xuất các giải pháp cải tiến., 7. Hỗ trợ các công việc Hành chính khác (Quản lý tài sản, giám sát dịch vụ vệ sinh, bảo vệ an ninh,...)",Nhân Viên/Chuyên Viên,"1. Kiến thức chuyên môn:, - Tốt nghiệp đại học chuyên ngành Quản trị Nhân lực, Luật, hoặc các lĩnh vực liên quan., - Am hiểu Luật Lao động, các quy định về bảo hiểm xã hội, bảo hiểm y tế và các chính sách liên quan đến nhân sự., - Có kiến thức về tuyển dụng, đào tạo, đánh giá hiệu quả công việc, quản lý lương thưởng và phúc lợi., - Hiểu biết về các phương pháp xây dựng và phát triển văn hóa doanh nghiệp., 2. Kỹ năng:, - Kỹ năng giao tiếp: Khả năng giao tiếp hiệu quả bằng lời nói và văn bản, thuyết trình tốt, đàm phán và giải quyết xung đột., - Kỹ năng tổ chức và quản lý: Lập kế hoạch, tổ chức công việc, quản lý thời gian và ưu tiên công việc hiệu quả., - Kỹ năng làm việc nhóm: Hợp tác tốt với đồng nghiệp, xây dựng và duy trì mối quan hệ tốt với các phòng ban khác., - Kỹ năng phân tích và giải quyết vấn đề: Thu thập, phân tích thông tin, đưa ra quyết định và giải quyết vấn đề một cách logic và sáng tạo., - Kỹ năng sử dụng công nghệ: Thành thạo các phần mềm văn phòng, phần mềm quản lý nhân sự và các công cụ hỗ trợ công việc khác., 3. Phẩm chất cá nhân:, - Trung thực và chính trực: Bảo mật thông tin nhân sự, tuân thủ các quy định và đạo đức nghề nghiệp., - Chủ động và nhiệt tình: Sẵn sàng học hỏi, tiếp thu kiến thức mới và thích ứng với môi trường làm việc năng động., - Cẩn thận và tỉ mỉ: Chú ý đến từng chi tiết, đảm bảo tính chính xác và hoàn thiện công việc đúng thời hạn., - Khả năng chịu áp lực: Đối mặt và giải quyết các tình huống căng thẳng, áp lực trong công việc một cách bình tĩnh và hiệu quả., YÊU CẦU KINH NGHIỆM:, - Từ 2 - 3 năm kinh nghiệm làm việc trong lĩnh vực nhân sự hoặc các vị trí tương đương., - Có kinh nghiệm sử dụng các phần mềm quản lý nhân sự., - Ưu tiên ứng viên có kinh nghiệm làm việc trong các công ty trong ngành xe ô tô / mô tô hoặc có quy mô trên 100 nhân viên., - Thời gian làm việc: Toàn thời gian (8:30 – 17:30 từ Thứ 2 đến Thứ 7).",Nhân Sự,0,2024-10-06,2024-10-04,Chuyên Viên Nhân Sự,https://jobsgo.vn/viec-lam/chuyen-vien-nhan-su-19005874508.html?utm_source=job_list,Jobsgo
"- 519 Kim Mã, quận Ba Đình, Hà Nội",,Hà Nội,Công Ty Tài chính TNHH HD SAISON,https://jobsgo.vn/tuyen-dung/cong-ty-tai-chinh-tnhh-hd-saison-1948328499.html,0,Tài Chính/Ngân Hàng,,"- Đại diện HD SAISON trao đổi với khách hàng trong việc tư vấn, hỗ trợ, chia sẻ các chương trình ưu đãi về sản phẩm cho vay tiền mặt, - Trực tiếp thực hiện các cuộc gọi để làm rõ thắc mắc, xử lý khiếu nại về dịch vụ cho vay tiền mặt của khách hàng, - Quản lý, tổng hợp hồ sơ khách hàng và bàn giao cho các Phòng ban nghiệp vụ để thực hiện giải ngân, - Cập nhật dữ liệu công việc và thực hiện các báo cáo theo yêu cầu của cấp quản lý",Nhân Viên/Chuyên Viên,"1. Trình độ học vấn: Tốt nghiệp Trung học phổ thông trở lên., 2. Kinh nghiệm: Có kinh nghiệm làm việc trong lĩnh vực bán hàng, kinh doanh, marketing, tiếp thị, chăm sóc khách hàng; (sẽ được ưu tiên)., 3. Kỹ năng:, Kỹ năng giao tiếp, thuyết phục tốt;, Có kỹ năng tổ chức, sắp xếp công việc;, Có kỹ năng giải quyết vấn đề;, Có khả năng làm việc dưới áp lực cao;, Tác phong tự tin, chuyên nghiệp, ngoại hình khá., 4. Yêu cầu khác: Sử dụng được Tin học văn phòng.","Tài Chính/Ngân Hàng, Kinh Doanh/Bán Hàng, Bán Sỉ/Bán Lẻ/Cửa Hàng",0,2024-12-10,2024-11-21,Nhân Viên Telesales (Cho Vay Tiền Mặt),https://jobsgo.vn/viec-lam/nhan-vien-telesales-cho-vay-tien-mat-19402870152.html?utm_source=job_list,Jobsgo
"- 20 22 Đường Số 7, Phường Phước Bình, Thành phố Thủ Đức, Thành phố Hồ Chí Minh",,Hồ Chí Minh,Công Ty TNHH SX TM DV Ô Tô Nguyên Phát,https://jobsgo.vn/tuyen-dung/cong-ty-tnhh-sx-tm-dv-o-to-nguyen-phat-3504997901.html,0.5,Lao Động Phổ Thông,,"- Tháo lắp nội ngoại thất ô tô, lắp đặt phụ kiện ô tô, - Cụ thể trao đổi khi phỏng vấn, SDT Liên hệ: 0908114887 (Ms Tâm)",Nhân Viên/Chuyên Viên,"- Kỹ thuật viên mới ra trường sẽ được hỗ trợ đào tạo, - Ưu tiên kỹ thuật viên đã có kinh nghiệm tháo lắp nội thất ô tô, - Cẩn thận, hòa đồng, chăm chỉ, ham học hỏi.","Lao Động Phổ Thông, Cơ Khí/Ô Tô/Tự Động Hóa",0,2024-12-08,2024-11-20,"Kỹ Thuật Viên Tháo Lắp Nội Thất, Lắp Đặt Phụ Kiện Ô Tô",https://jobsgo.vn/viec-lam/ky-thuat-vien-thao-lap-noi-that-lap-dat-phu-kien-o-to-19391192212.html?utm_source=job_list,Jobsgo
"- TTC Plaza, 53-55 Võ Thị Sáu, P. Quyết Thắng, TP.Biên Hòa",". . . . Mức thu nhập: Từ 11,700,000 VND - 17,000,000 VND. . . . . Thời gian làm việc: T2 - T6 (8h30 - 5h30)",Đồng Nai,Công Ty TNHH Remoly (Vietnam),https://jobsgo.vn/tuyen-dung/cong-ty-tnhh-remoly-vietnam-3227891248.html,0,Chăm Sóc Khách Hàng,,"Đại diện bán hàng trực tiếp nền tảng thương mại điện tử quốc tế Alibaba, Tạo lập các mối quan hệ đa dạng với doanh nghiệp sản xuất địa phương và duy trì mối quan hệ khách hàng., Tư vấn và phát triển các giải pháp xuất khẩu thương mại điện tử đến từ sàn Alibaba cho khách hàng, Hỗ trợ các nhà xuất khẩu địa phương, giới thiệu và thuyết phục khách hàng đăng ký các dịch vụ hoặc mua các gói hỗ trợ doanh nghiệp từ Alibaba., Sử dụng kiến thức về thương mại xuất khẩu & thương mại điện tử để phát triển các hoạt động kinh doanh xuất khẩu B2B trực tuyến cho khách hàng - trở thành người đồng hành tin cậy trong việc nâng cao giá trị mua sắm và giá trị gia tăng cho họ.",Nhân Viên/Chuyên Viên,"Có 1-2 năm kinh nghiệm Sales thị trường, ưu tiên các ngành Logistics, dịch vụ, TMDT,.., Yêu thích công việc Sales và có định hướng phát triển công việc, Đặc biệt ứng viên thành thạo tiếng Trung không yêu cầu kinh nghiệm, Chấp nhận sinh viên mới ra trường","Chăm Sóc Khách Hàng, Kinh Doanh/Bán Hàng, Bán Sỉ/Bán Lẻ/Cửa Hàng",800.0,2024-10-22,2024-10-02,[Đồng Nai] Nhân Viên Kinh Doanh Thị Trường (B2B),https://jobsgo.vn/viec-lam/dong-nai-nhan-vien-kinh-doanh-thi-truong-b2b-18987013277.html?utm_source=job_list,Jobsgo
"- Tòa nhà Bitexco, 2 Hải Triều, Phường Bến Nghé, Quận 1, Thành phố Hồ Chí Minh",,Hồ Chí Minh,Công Ty TNHH BHNT AIA Việt Nam,https://jobsgo.vn/tuyen-dung/cong-ty-tnhh-bhnt-aia-viet-nam-1749504781.html,0,Tài Chính/Ngân Hàng,,"Hiện nay, chúng tôi đang tuyển dụng vị trí, Exchange Planning Manager (XPM), Trưởng Nhóm Kinh Doanh, nhằm xây dựng và phát triển đội nhóm, hoạch định và triển khai chiến lược kinh doanh giúp mở rộng tệp khách hàng tiềm năng tại Exchange by AIA – Kênh Khách Hàng ưu tiên, trực thuộc Công Ty TNHH Bảo Hiểm Nhân Thọ AIA Việt Nam, Là một XPM, bạn sẽ được làm việc ở Bitexco, Villa Trương Định - không gian văn phòng mở, kết hợp với không gian cà phê, tôn trọng thiên nhiên, trang thiết bị công nghệ hiện đại, thuận lợi cho quá trình làm việc, Kiến trúc & chức năng mở của văn phòng Exchange by AIA cũng là một điều kiện giúp XPM dễ dàng kết nối với nhân sự của nhóm và xây dựng mối quan hệ với Khách Hàng., 1. Xây dựng và phát triển đội nhóm: 60%, - Chủ động tìm kiếm và phát triển lực lượng nhân sự, cả về quy mô và chất lượng, theo định hướng của đội nhóm đi đôi với mục tiêu của tổ chức., 2. Quản lý hoạt động kinh doanh: 20%, - Quản lý và triển khai thực hiện các kế hoạch kinh doanh cho nhóm., - Kiểm soát hiệu quả kinh doanh nhóm thông qua việc phân tích, đánh giá dữ liệu kinh doanh, đề xuất các giải pháp và theo dõi thường xuyên báo cáo kết quả hàng tuần/tháng/quý của nhóm nhằm đạt mục tiêu tăng trưởng và mục tiêu doanh số., 3. Phát triển nhân sự: 20%, - Đánh giá hiệu quả làm việc của nhân viên với các chỉ tiêu kinh doanh đã đề ra., - Hướng dẫn, đào tạo và xây dựng kế hoạch phát triển sự nghiệp cho từng thành viên trong nhóm.",Trưởng Nhóm/Trưởng Phòng,"- Độ tuổi: 26 - 35 tuổi, - Tốt nghiệp cao đẳng., - Có kinh nghiệm quản lý/giám sát nhóm là 1 lợi thế.","Tài Chính/Ngân Hàng, Kinh Doanh/Bán Hàng, Bảo Hiểm",1400.0,2024-10-11,2024-09-18,[HCM] Trưởng Nhóm Kinh Doanh - Thu Nhập Trung Bình 40.000.000đ,https://jobsgo.vn/viec-lam/hcm-truong-nhom-kinh-doanh-thu-nhap-trung-binh-40000000d-18858189304.html?utm_source=job_list,Jobsgo
"- Lầu 5, Tòa nhà Onehub Saigon, Tower 1, Lô C1-2, Đường D1, Khu công nghệ cao Sài Gòn, Phường Tân Phú, Q.9, TP.HCM","Nhân viên full time. Thưởng khác : Sinh nhật, cưới hỏi, thai sản, lễ, tết…. Chế độ nghỉ phép đầy đủ + Nghỉ hè thêm 3 ngày.. Tham gia BHYT- BHXH theo quy định nhà nước.. Nghỉ khám bệnh vẫn được tính lương.. Teambuilding hàng năm",Hồ Chí Minh,Công Ty Tài Chính TNHH MTV Mirae Asset (Việt Nam),https://jobsgo.vn/tuyen-dung/cong-ty-tai-chinh-tnhh-mtv-mirae-asset-viet-nam-2060273775.html,0,Kinh Doanh/Bán Hàng,,"Gọi data KH đang vay tại MAFC có sẵn từ công ty đổ xuống, Làm việc tại văn phòng, không đi thị trường., Hướng dẫn khách hàng chuẩn bị hồ sơ theo quy định., Theo đõi tiến độ nhận, xử lý hồ sơ tại các Bộ phận nghiệp vụ và phối hợp thực hiện các công việc liên quan (thầm định, giải ngân, quản lý hồ sơ vay) theo quy định., Hoàn thành chi tiêu kinh cá nhân và các chỉ số (KPIs) về năng suất và chất lượng công việc được giao.",Nhân Viên/Chuyên Viên,"Tốt nghiệp THPT trở lên., Không có nợ xấu., Siêng năng, có tinh thần trách nhiệm., Tính tự giác cao, chịu áp lực tốt., Có mục tiêu công việc rõ ràng., Giờ hành chính : 9h – 18h (Không áp đặt làm thêm giờ), Từ thứ Hai đến Thứ 6, Thứ 7 : 9h đến 12h","Kinh Doanh/Bán Hàng, Tài Chính/Ngân Hàng, Chăm Sóc Khách Hàng",680.0,2024-12-25,2024-11-28,Nhân Viên Tư Vấn Thu Nhập Từ 9 - 25 Triệu (Không YC Kinh Nghiệm),https://jobsgo.vn/viec-lam/nhan-vien-tu-van-thu-nhap-tu-9-25-trieu-khong-yc-kinh-nghiem-19467017348.html?utm_source=job_list,Jobsgo
"- Toà nhà hội nhà báo Việt Nam, Dương Đình Nghệ, Yên Hoà, Cầu Giấy, Hà Nội",,Hà Nội,Công Ty Cổ Phần TM&DV Bất Động Sản An Vượng Land,https://jobsgo.vn/tuyen-dung/cong-ty-co-phan-tmdv-bat-dong-san-an-vuong-land-152723013.html,0,Kinh Doanh/Bán Hàng,,"- Tìm kiếm, khai thác khách hàng có nhu cầu về bất động sản nhằm hoàn thành các chỉ tiêu kinh doanh được giao, - Giao dịch trực tiếp với khách hàng để giới thiệu và bán sản phẩm, dự án của công ty đang kinh doanh., - Duy trì các mối quan hệ khách hàng hiện có, đồng thời xây dựng kế hoạch tìm kiếm và mở rộng mạng lưới khách hàng tiềm năng",Nhân Viên/Chuyên Viên,"Trình độ: Trung cấp trở lên., Kinh nghiệm:, KHÔNG YÊU CẦU KINH NGHIỆM, .Ứng viên có kinh nghiệm Bán hàng, Kinh doanh, Kinh doanh Bất động sản, tài chính, ngân hàng, ô tô... là một lợi thế., Đối với các ứng viên chưa có kinh nghiệm nếu sẽ được đào tạo các kỹ năng, nghiệp vụ bán hàng., Đam mê kinh doanh., Có khát khao làm giàu từ bất động sản, yêu thích kinh doanh., Chịu được áp lực cao., Có máy tính xách tay, điện thoại thông minh và các thiết bị tiện ích khác","Kinh Doanh/Bán Hàng, Bất Động Sản, Chăm Sóc Khách Hàng",0,2024-11-08,2024-11-05,Nhân Viên Kinh Doanh Bất Động Sản (Thu Nhập Từ 20 Triệu),https://jobsgo.vn/viec-lam/nhan-vien-kinh-doanh-bat-dong-san-thu-nhap-tu-20-trieu-19274507865.html?utm_source=job_list,Jobsgo
"- Vinpearl Nha Trang, Hon Tre, Vĩnh Nguyên, Thành phố Nha Trang, Khánh Hòa","Lương thưởng và các chế độ đãi ngộ hấp dẫn.. Bảo hiểm: Ngoài BHYT,BHXH, BHTN theo Luật Lao động, Người lao động được tham gia gói bảo hiểm ưu việt theo chế độ Tập Đoàn.. Được đặc biệt ưu đãi khi sử dụng các hệ thống dịch vụ cao cấp của Tập đoàn Vingroup như: Vinpearl, Vinmec, Vinmart, Vinschool,.... Lương thưởng tháng 13, và các dịp Lễ tết.. Du lịch: Team building hàng năm.. Cơ hội làm việc & đào tạo trong mồi trường chuyên nghiệp.. Cơ hội thăng tiến trong công việc.",Khánh Hòa, Công Ty Cổ Phần Vinpearl,https://jobsgo.vn/tuyen-dung/cong-ty-co-phan-vinpearl-956219601.html,2,Du Lịch,,"Đảm bảo trang thiết bị, cơ sở vật chất hạ tầng, bản biển… tại khu vực phục vụ khách/ văn phòng làm việc đạt yêu cầu trong suốt quá trình hoạt động, Tổ chức, kiểm soát hoạt động biểu diễn, tương tác động vật với mức độ an toàn cho phép nhằm tăng trải nghiệm tham quan cho khách hàng, Giám sát việc hướng dẫn, thuyết trình tại các khu vực trong thủy cung/vườn thú đảm bảo cung cấp thông tin đầy đủ tới khách hàng đem lại sự hài lòng, trải nghiệm cho khách Kiểm soát hệ thống âm thanh, ánh sáng, nhiệt độ tại khuôn viên vườn thú đạt tiêu chuẩn theo phạm vi phụ trách., Đảm bảo chất lượng vệ sinh bể trưng bày, khu dưỡng/chăm sóc, sát trùng chuồng trại/làm giàu chuồng trại Kiểm soát kế hoạch chăm sóc, nuôi dưỡng đạt dinh dưỡng, đủ số lượng, đúng chất lượng., Đảm bảo việc Cung cấp/tiếp nhận, chế biến/phân phát thức ăn/nước uống cho động vật Kiểm tra an toàn bể nuôi/chuồng trại trong quá trình vận hành đóng/mở các bể/chuồng, thả và nhốt động vật Theo dõi, kiểm soát chỉ số môi trường, đánh giá và có phương án xử lý kịp thời đảm bảo sức khỏe vật nuôi, Quan sát, phát hiện dấu hiệu bệnh của động vật, cảnh báo để có phương pháp điều trị kịp thời Kiểm soát hoạt động phòng bệnh, chữa bệnh, cách ly kiểm dịch đảm bảo sức khỏe cho động vật Kiểm soát việc sử dụng thuốc, vitamin, hóa chất thường dùng để điều trị cho động vật theo phác đồ đã được duyệt, Kiểm soát việc sử dụng trang thiết bị y tế, việc sử dụng và quản lý thuốc, vật tư y tế của bệnh viện thú y/phòng thí nghiệm bệnh học Thực hiện lập hồ sơ cá thể, đàn để theo dõi, chăm sóc, điều trị động vật, Đề xuất mua mới sinh vật, động vật, vận chuyển/tiếp nhận, bổ sung cho các bể trưng bày/chuồng trại, Nghiên cứu chất lượng & thẩm mỹ bể nuôi/chuồng trại, đảm bảo môi trường sinh sống, phát triển phù hợp với các loài động vật, sinh vật và hình ảnh đẹp mắt phục vụ khách, Xử lý các trường hợp gặp sự cố tại bể nuôi/chuồng trại hoặc tình huống khẩn cấp ảnh hưởng sức khỏe của động vật hoặc an toàn của khách hàng, Kết nối với các bộ phận liên quan để xử lý phát sinh/sự cố kịp thời, có phương án cứu hộ cứu nạn hiệu quả, nhanh chóng, đảm bảo dịch vụ cung cấp trong phạm vi công việc quản lý, Thực hiện các công việc/nhiệm vụ khác do Cấp trên phân công",Trưởng Nhóm/Trưởng Phòng,"Trình độ học vấn: Đại học chăn nuôi thú y/Bác sỹ thú y., Tối thiểu 02 năm kinh nghiệm tại vị trí tương đương, Kỹ năng lãnh đạo, quản lý đội nhóm, Kỹ năng điều hành, phân công và kiểm soát công việc, Có kỹ năng truyền đạt và giao tiếp tốt","Du Lịch, Nông/Lâm/Ngư Nghiệp",0,2024-11-10,2024-10-21,Vinwonders Nha Trang - Trưởng Bộ Phận Chăm Sóc Động Vật,https://jobsgo.vn/viec-lam/vinwonders-nha-trang-truong-bo-phan-cham-soc-dong-vat-19149160116.html?utm_source=job_list,Jobsgo
"- Nhà xưởng C_1B_D4B, Lô _1B_CN, KCN Mỹ Phước 3, P. Thới Hòa, TP. Bến Cát",Tham gia BHXH và thưởng tháng 13. Mức lương từ 15tr trở lên,Bình Dương,Công Ty Tnhh Điện Tử Huajie Việt Nam,https://jobsgo.vn/tuyen-dung/cong-ty-tnhh-dien-tu-huajie-viet-nam-1612221091.html,0.5,Hành Chính/Văn Phòng,,"Làm thủ tục hải quan, các giấy tờ liên quan hải quan, Làm việc với các hãng tàu, book cước, thủ tục nhập hàng, Kiểm tra xuất xứ hàng ( CO ), invoice packing list, Lên lịch và theo dõi hàng hóa tàu đi, tàu đến, Kết hợp phòng kế toán, kho để đảm bảo hàng hóa, công việc kịp thời, nhanh chóng",Nhân Viên/Chuyên Viên,"Ưu tiên có kinh nghiệm XNK, Tiếng trung giao tiếp 4 kỹ năng, Vi tính văn phòng và các phần mềm bổ trợ liên quan","Hành Chính/Văn Phòng, Xuất Nhập Khẩu, Kho Vận",0,2024-12-15,2024-11-21,Nhân Viên Nghiệp Vụ Xuất Nhập Khẩu (Biết Tiếng Trung),https://jobsgo.vn/viec-lam/nhan-vien-nghiep-vu-xuat-nhap-khau-biet-tieng-trung-19404350263.html?utm_source=job_list,Jobsgo
"- KCN VSIP 2, Hòa Phú, Thủ Dầu Một, Bình Dương",,Bình Dương,Công Ty TNHH Điện Tử Foster (Việt Nam) ,https://jobsgo.vn/tuyen-dung/cong-ty-tnhh-dien-tu-foster-viet-nam-2129947624.html,1,Sản Xuất/Lắp Ráp/Chế Biến,,"Nhận bản vẽ 2D, 3D từ khách hàng yêu cầu, Lập DFM thiết kế khuôn, Sử dụng phần mềm NX thiết kế hoàn chỉnh 3D và xuất 2D, Xuất đầy đủ bản vẽ 2D cho các nhóm lắp ráp, Làm báo cáo sửa khuôn, hiệu chỉnh khuôn dựa trên kết quả không phù hợp, Tổng hợp các dữ liệu, cập nhật 3D, 2D sau khi khuôn hoàn thành xuất bán, Hỗ trợ các nhóm khác khi có yêu cầu từ trưởng nhóm, trưởng bộ phận",Nhân Viên/Chuyên Viên,"Tốt nghiệp từ Trung cấp chuyên ngành chế tạo máy, Có kinh nghiệm thiết kế khuôn mẫu từ 01 năm, Kinh nghiệm thiết kế khuôn 3D, 2D, Biết sử dụng phần mềm NX hoặc Solidwork, Có năng lực về chuyên môn trong ngành chế tạo khuôn, Năng lực báo cáo Horenso","Sản Xuất/Lắp Ráp/Chế Biến, Thiết Kế",0,2024-10-21,2024-10-12,Nhân Viên Thiết Kế Khuôn Ép Nhựa,https://jobsgo.vn/viec-lam/nhan-vien-thiet-ke-khuon-ep-nhua-19080178796.html?utm_source=job_list,Jobsgo
"- 7 Đường số 17 Khu B, Khu đô thị An Phú An Khánh, An Phú, Quận 2, Hồ Chí Minh",,Hồ Chí Minh,Công Ty Tnhh Saigon Sports Club Group,https://jobsgo.vn/tuyen-dung/cong-ty-tnhh-saigon-sports-club-group-3545028793.html,1,Tài Chính/Ngân Hàng,,"- Quản lý hóa đơn - chứng từ đầu vào đầu ra. Xuất hóa đơn VAT., - Thu thập và xử lý chứng từ số liệu, chứng từ kế toán thông qua các nghiệp vụ kinh tế phát sinh, - Kiểm tra tính hợp lệ, nội dung các hóa đơn đầu vào và đầu ra., - Kiểm tra sự cân đối giữa số liệu kế toán chi tiết và tổng hợp., - Kiểm soát, quản lý số liệu kế toán, hạn chế sự sai sót thấp nhất có thể., - Kiểm soát và hạch toán các nghiệp vụ kế toán: thu nhập, chi phí, khấu hao TSCĐ, công nợ, thuế...và các nghiệp vụ phát sinh khác., - Lập tờ khai thuế tháng - quý - năm., - Lập - trình bày báo cáo tài chính., - Theo dõi, quản lý chi phí cố định và chi phí phát sinh hàng tháng, công nợ phải trả, lên lệnh thanh toán đúng thời hạn., - Thống kê và tổng hợp số liệu kế toán và dự toán khi có yêu cầu., - Làm hợp đồng mua bán, chấm công, tính lương nhân viên, hợp đồng lao động, - Quyết toán thuế thu nhập cá nhân của người lao động, đăng ký mã số thuế, trích thuế, nộp thuế, quyết toán thuế., - Các việc liên quan đến bảo hiển xã hội., - Có nghiệp vụ ngân hàng., - Cung cấp số liệu Cho Ban Giám Đốc hoặc các đơn vị chức năng khi có yêu cầu., - Giải trình số liệu và cung cấp hồ sơ, số liệu cho cơ quan thuế, kiểm toán..., - Lưu trữ chứng từ, sổ sách, báo cáo và các tài liệu liên quan một cách hệ thống và hiệu quả., - Thực hiện các nhiệm vụ khác do cấp trên phân công.",Nhân Viên/Chuyên Viên,"- Trình độ: Tốt nghiệp Cao Đẳng/ Đại học, chuyên ngành kế toán, kiểm toán, tài chính., - Kinh nghiệm từ 1,5 đến 2 năm trở lên ở vị trí KTTH, - Trung thực, Có thái độ tích cực, ham học hỏi và có tinh thần cầu tiến, - Có năng lực nghiệp vụ kế toán, có khả năng tổng hợp, nắm vững chế độ kế toán., - Biết tổng hợp và phân tích báo cáo. Thi hành nhiệm vụ chính xác và đúng qui định., - Có khả năng quản lý tốt deadline.., - Sử dụng tốt Word; Excel …., - Khả năng giao tiếp, trình bày và truyền đạt thông tin tốt., - Có tiếng anh là một lợi thế, - Biết sử dụng phần mềm kế toán Smart pro và Misa., - Thời gian thử việc 2 tháng.","Tài Chính/Ngân Hàng, Kế Toán/Kiểm Toán",0,2024-12-08,2024-11-20,Kế Toán Tổng Hợp,https://jobsgo.vn/viec-lam/ke-toan-tong-hop-19392522954.html?utm_source=job_list,Jobsgo
- Đông Dư - Gia Lâm- HN - Hà Nội,,Hà Nội,Công Ty TNHH Một Thành Viên Idt Hạ Long,https://jobsgo.vn/tuyen-dung/cong-ty-tnhh-mot-thanh-vien-idt-ha-long-2062161256.html,1,Kinh Doanh/Bán Hàng,,"- Phát triển thị trường, - Phát triển hệ thống khách hàng theo định hướng công ty, - Hoàn thành KPI doanh số bán hàng của công ty",Nhân Viên/Chuyên Viên,"- Có khả năng đi công tác, - Có Phương tiện đi lại, - Tốt nghiệp đại học, cao đẳng,, - Yêu cầu kinh nghiệm 1-2 năm đối với vị trí kinh doanh, - Cần có kỹ năng giao tiếp tốt để trao đổi với khách hàng và xác định được nhu cầu của đối phương., - Cần có kỹ năng chăm sóc khách hàng, đưa ra các chương trình khuyến mại nhằm thúc đẩy nhu cầu mua hàng., - Am hiểu về các nền tảng công nghệ MXH Facebook, Zalo, Tiktok, Youtube,…, - Có kinh nghiệm lĩnh vực gara oto là một lợi thế","Kinh Doanh/Bán Hàng, Chăm Sóc Khách Hàng",540.0,2024-11-19,2024-10-26,Nhân Viên Sale Kinh Doanh (Nam) - Lương Cơ Bản 12M - 15M Trở Lên + Thưởng,https://jobsgo.vn/viec-lam/nhan-vien-sale-kinh-doanh-nam-luong-co-ban-12m-15m-tro-len-thuong-19203000851.html?utm_source=job_list,Jobsgo
"- Vinpearl Golf Củ Chi, Tan Thong Hoi, Củ Chi, Ho Chi Minh City, Vietnam",,Hồ Chí Minh, Công Ty Cổ Phần Vinpearl,https://jobsgo.vn/tuyen-dung/cong-ty-co-phan-vinpearl-956219601.html,1,Nhà Hàng/Khách Sạn,,"1. Sơ chế, - Kiểm soát kho đông và kho mát, - Kiểm soát chất lượng các mặt hàng thực phẩm, - Kiểm soát việc sơ chế thực phẩm, mở đồ và đưa hàng về bếp., 2. Các việc khác, - Thực hiện các công việc khác theo yêu cầu của lãnh đạo, - Luôn tuân thủ theo đúng các quy định chung của hệ thống",Trưởng Nhóm/Trưởng Phòng,"• Tốt nghiệp THPT trở lên đối với từng vị trí, • Tối thiểu 1 - 2 năm kinh nghiệm tại vị trí tương đương.",Nhà Hàng/Khách Sạn,0,2024-10-31,2024-10-11,[Sân Golf Vinpearl Léman - Củ Chi - HCM] - Tổ Trưởng Sơ Chế/ Tạp Vụ,https://jobsgo.vn/viec-lam/san-golf-vinpearl-leman-cu-chi-hcm-to-truong-so-che-tap-vu-19075643410.html?utm_source=job_list,Jobsgo
